ID	DOCULECT	CONCEPT	CONCEPTID	TRANSCRIPTION	SEGMENTS	COGID	GLOSS	pos
1	Nubri	OR	1014	ã			or	conj.
2	Nubri			ã			mother [Sama]	n.
3	Nubri	FAECES (EXCREMENT)	675	ã			feces	n.
4	Nubri			ai			elder sister [Lho]	n.
5	Nubri			ai			okay	part.
6	Nubri	POWER	2526	aŋ			power	n.
7	Nubri			aŋɖaŋ			serial number	n.
8	Nubri			aŋpa			last born child	n.
9	Nubri			aŋsaŋ			much more	adj.
10	Nubri	BROTHER	1262	atso			brother	n.
11	Nubri			atsu			brother [Lho]	n.
12	Nubri	WOUND	1109	aɲe			wound	n.
13	Nubri	OLDER BROTHER	1759	ata			elder brother	n.
14	Nubri	FATHER'S SISTER	170	ani			father's sister	n.
15	Nubri			ani			also	gra.
16	Nubri			ani			nun	n.
17	Nubri			ano			religiously bonded friend (female)	n.
18	Nubri	FRIEND	1325	anoro			friend	n.
19	Nubri			apa			father [Tib.]	n.
20	Nubri			apʃak			sword; traditional sword	n.
21	Nubri	MOTHER	1216	ama			mother	n.
22	Nubri			amaɖintse			exclamation	excl.
23	Nubri			amidewa			hymn (a kind of Chinese hymn)	n.
24	Nubri			amidewari			hymn (of a kind)	n.
25	Nubri			amtsi			traditional doctor	n.
26	Nubri			amtso			ear [var. amtsok]	n.
27	Nubri	EAR	1247	amtsok			ear	n.
28	Nubri	EARLOBE	18	amtsok sokpa			earlobe	n.
29	Nubri			arak			liquor [var. ara]	n.
30	Nubri			aroŋ			mediocre	adj.
31	Nubri	HOW MUCH	531	aruŋ			much	adj.
32	Nubri			aruŋ			after a while	adv.
33	Nubri			aruŋ tʃime			very badly	adv.
34	Nubri			aruŋne			after that	adv.
35	Nubri			arkjok			horn [Lho, cf. harkjok]	n.
36	Nubri			artsa			pot for making liquor (pot fixed at the center of the liquorpreparing pot)	n.
37	Nubri			arɲiŋ			pot in which the liquor is collected during its preparation	n.
38	Nubri			alaili			little [Sama, cf. elailu]	adj.
39	Nubri			alak			different [Lho, cf. guduk]	adj.
40	Nubri			ale			exclamation	gram.
41	Nubri	YES	1268	ale			yes	gram.
42	Nubri			ali			rupees	n.
43	Nubri	SOME	1241	aliili			some	adj.
44	Nubri			aluk			garland	n.
45	Nubri			awa			father [Lho]	n.
46	Nubri	PARENTS	505	awaã			parents	n.
47	Nubri			aʃaŋ			maternal uncle, father in law	n.
48	Nubri			ẽ			particle (question)	part.
49	Nubri			ẽ			particle (yes)	part.
50	Nubri			e			exclamation	excl.
51	Nubri			ei			particle (right?)	part.
52	Nubri			ei			elder sister	n.
53	Nubri	ITCH	148	ei			to itch	v.
54	Nubri			eila			particle (in particular)	part.
55	Nubri			etʃi			elder.sister	n.
56	Nubri	RIGHT	1019	epa			right	adv.
57	Nubri	RIGHT	1019	epa			right	adj.
58	Nubri			epi			grandmother [Lho, cf. epi]	n.
59	Nubri			epi			grandmother [Sama, see ibi]	n.
60	Nubri			epsa			porch	n.
61	Nubri	LEFT	244	ẽma			left	adj.
62	Nubri	RAINY SEASON	453	erka			rainy season	n.
63	Nubri			erma			pepper (a kind of spice)	n.
64	Nubri	RIGHT	1019	ela			right side	adv.
65	Nubri			elajulu			little [Lho, cf. alaili]	adj.
66	Nubri			elok			yard [Lho, cf. ghorum]	n.
67	Nubri	GRANDMOTHER	1496	i			grandmother	n.
68	Nubri			ikgjap			hiccup	n.
69	Nubri			intsi			foreigner	n.
70	Nubri	GRANDMOTHER	1496	ibi			grandmother	n.
71	Nubri			isi			kitchen garden	n.
72	Nubri	THAT	78	o			that	pron.
73	Nubri			oi			vocative case	gram.
74	Nubri	UNCLE	1327	ou			uncle	n.
75	Nubri	FATHER	1217	ou			father	n.
76	Nubri			oka			that is true, right?	part.
77	Nubri	AT THAT TIME	2922	okapsune			at that time	adv.
78	Nubri			oŋkar			Ongkar (Place name in Lho village)	n.
79	Nubri			oda			there (Lho, cf. phuta]	adv.
80	Nubri			oma			from there	adv.
81	Nubri			omala			from there	adv.
82	Nubri			oja			towards there	adv.
83	Nubri			u			head (Hon.)	n.
84	Nubri			uaŋ			food item (santified by offering to God)	n.
85	Nubri	BREATH	870	uk			breath	n.
86	Nubri	LEAVE	1752	ukʃak			to leave	v.
87	Nubri			utshu			like that	adv.
88	Nubri			utshurtap			after that	adv.
89	Nubri			udzu			like that	adv.
90	Nubri			uʈa			hair of body (Hon.)	n.
91	Nubri	THAT	78	udi			that	pron.
92	Nubri			uni			and then	adv.
93	Nubri	DOWN OR BELOW	2094	umala			below	adv.
94	Nubri	THERE	1937	ula			there	adv.
95	Nubri			uʃa			cap (Hon.)	n.
96	Nubri			ə̃			yes (exclamation. It is used to say that something is true or correct	gram.
97	Nubri			ədəktshe			chairperson (Nep.)	n.
98	Nubri			əni			and then (Nep.)	adv.
99	Nubri			ka			particle (contrast)	part.
100	Nubri			ka			stop (tran.)	v.
101	Nubri			ka			bad star; influence of plenatary stars	n.
102	Nubri			kaŋel			trouble	n.
103	Nubri	PROBLEM	2425	kaŋel			problem	n.
104	Nubri			kaŋgar			cigaratte made locallyby encassing the tobacco in leaves	n.
105	Nubri	LAME	320	kaŋtʃhak			lame	adj.
106	Nubri	PROBLEM	2425	kaŋɲal			problem	n.
107	Nubri	LEG	1297	kaŋba			leg	n.
108	Nubri			kaŋba tsu			to begin walking	v.
109	Nubri	KNEE	1371	kaŋba tshitko			knee	n.
110	Nubri	FOOT	1301	kaŋbathil			feet	n.
111	Nubri			kaŋmantse			acting as if	adj.
112	Nubri			kaʈin			gratitute	n.
113	Nubri			kana			yes  please (Hon.)	excl.
114	Nubri			kana			expression to reply 'yes' politely	excl.
115	Nubri			kanaŋ			yes please	excl.
116	Nubri	TEMPLE	911	kani			temple	n.
117	Nubri	COVER	761	kap			to cover	v.
118	Nubri	TIME	892	kap			time	n.
119	Nubri			kap			to thatch	v.
120	Nubri	SHOE	1381	kaptʃa			shoes	n.
121	Nubri	TIME	892	kapso			time	n.
122	Nubri			kam			to dry (intr.)	v.
123	Nubri			kampa			infertile animal or human beings	n.
124	Nubri	THIN	2308	kambo			thin	adj.
125	Nubri			karnak			light black	adj.
126	Nubri	WHITE	1335	karpo			white	adj.
127	Nubri			karmanamgjal			Karma Namgyal (name of a male person)	n.
128	Nubri	DIFFICULT	584	kale			difficult	adj.
129	Nubri	WHERE	1237	kale			where	adv.
130	Nubri			kalpa			civilization	n.
131	Nubri			kalpa			era	n.
132	Nubri			kawaŋ			worship (of a kind)	n.
133	Nubri	COLUMN	2045	ká			pillar	n.
134	Nubri	VOICE	1363	ke			voice	n.
135	Nubri	BE BORN	1090	ke			to be born	v.
136	Nubri	CALL	1084	ke gjap			to call	v.
137	Nubri			ke gjur			to translate	v.
138	Nubri	CALL	1084	ke taŋ			to call	v.
139	Nubri			ke hjul			birthplace	n.
140	Nubri			keka			gift; present	n.
141	Nubri			kekar			horoscope	n.
142	Nubri			ketsa			matters, talk [Tib., cf. tam]	n.
143	Nubri			ken			effect	n.
144	Nubri			ken			weakness (of a man)	n.
145	Nubri			ken			to hang (tran.)	n.
146	Nubri	WAIST	1681	kepa			waist	n.
147	Nubri	BETWEEN	689	kepala			between	adv.
148	Nubri	HUNTER	1053	kerapa			hunter	n.
149	Nubri			ki			loan; lending	n.
150	Nubri			-ki			ergative case	gram.
151	Nubri			-ki			instrumental case	gram.
152	Nubri			-ki			genitive case	gram.
153	Nubri			kitshaŋ			place where dog sits	n.
154	Nubri			kituk			happiness and hardness	n.
155	Nubri			kiduk			happy and hardship	n.
156	Nubri	HAPPY	1495	kipo			happy	adj.
157	Nubri			kiptsaŋ			jackal	n.
158	Nubri	PUPPY	74	kipʈuk			puppy	n.
159	Nubri	BETWEEN	689	kimala			between	adv.
160	Nubri			ko			particle (you know)	part.
161	Nubri			ko tshaktshak			smiling	adj.
162	Nubri	BETRAY	1902	kokse			cheat	n.
163	Nubri	DANDRUFF	576	koksi			dandruff	n.
164	Nubri	BROOM	245	koŋma			broom	n.
165	Nubri			kotro			prayer wheel moved by hand	n.
166	Nubri			kor			to go round	v.
167	Nubri			kora			going round	n.
168	Nubri	WINDOW	1375	korkhun			window	n.
169	Nubri			kol			to boil (tran.)	v.
170	Nubri	STATUE	1002	ku			statue	n.
171	Nubri			kuŋ			butter lamp	n.
172	Nubri			kuŋ			between [Sama, cf. bharke]	adv.
173	Nubri			kuna			remote	adj.
174	Nubri	GOD	1944	kuntsok			god	n.
175	Nubri			kundzaŋ			Kunsang (name of a male person)	n.
176	Nubri	THREAD	1161	kupa			thread	n.
177	Nubri			kuma 			thief [Sama, cf. kũwa]	n.
178	Nubri			kumtshe			worship done at gompa	n.
179	Nubri	WITH	1340	kumden			with	post.
180	Nubri	WORSHIP	257	kurum			worship	n.
181	Nubri			kũwa			thief [Lho, cf. kuma]	n.
182	Nubri			kusuŋthukten			worship (of some kind)	n.
183	Nubri			kʏ			to steal (var. ki)	v.
184	Nubri			køn			injury	n.
185	Nubri			kja			also	part.
186	Nubri			-kja			PL	gram.
187	Nubri	HUNDRED	1634	kja thampa			one hundred	num.
188	Nubri	FAECES (EXCREMENT)	675	kjakpa			feces	n.
189	Nubri	ONLY	1580	kjaŋkjaŋ			only	adv.
190	Nubri			kjaptʃol			refugee	n.
191	Nubri			kjal			to make reach	v.
192	Nubri			kjo			laddle	n.
193	Nubri	POOR	1674	kjou			poor	adj.
194	Nubri			kjon			affect	n.
195	Nubri			kjopso			relief	n.
196	Nubri			kjor			to fence	v.
197	Nubri	SOUR	1906	kjurpu			sour	adj.
198	Nubri	THIEF	1160	kwã			thief	n.
199	Nubri			kám			to make dry	v.
200	Nubri	MOUTH	674	kha			mouth	n.
201	Nubri			kha			shard edge	n.
202	Nubri	SNOW	784	kha:			snow	n.
203	Nubri			kha tshendi			chilli hot	adj.
204	Nubri			kha dar			to sharpen (equipment)	v.
205	Nubri	SEPARATE	1359	khaka			to separate	v.
206	Nubri	THIRST	848	khakom			thirst	n.
207	Nubri	DIFFICULT	584	khakpo			difficult	adj.
208	Nubri	BITTER	887	khakpu			bitter	adj.
209	Nubri	ROOF	769	khaŋdok			roof	n.
210	Nubri			khaŋpa			house [Tib.]	n.
211	Nubri	DAY BEFORE YESTERDAY	1180	khatsiŋ			day before yesterday	adv.
212	Nubri	COVER	761	khatʃo kop			cover	n.
213	Nubri	NUMBER	1356	khaʈaŋ			number	n.
214	Nubri			khaɖal			to be separated	n.
215	Nubri			khaɖaltsuk			to separate (tran.)	v.
216	Nubri	TOWARDS	2754	khatuk			towards	post.
217	Nubri			khadik			to stammer	v.
218	Nubri			khanup			day before yesterday [Lho, cf. khonum]	adv.
219	Nubri	NEEDLE (FOR SEWING)	1382	khap			needle	n.
220	Nubri			khaptsok			lid; cover	n.
221	Nubri			khaptuk			direct	adj.
222	Nubri	STRAIGHT	1404	khapthuk			straight	adj.
223	Nubri	SOUR	1906	khappo			sour	adj.
224	Nubri			khaple			chatting	n.
225	Nubri	OPEN	1156	khabe			to open	v.
226	Nubri			kharak			crow [Sama, cf. garok]	n.
227	Nubri			kharal			incomplete	adj.
228	Nubri	HALF	816	kharal			half	adj.
229	Nubri			khari khaptuk			straightforward in nature	adj.
230	Nubri	SURFACE	547	khala			surface	n.
231	Nubri			khala			food [cf. khalak]	n.
232	Nubri			khalak			food [Tib.]	n.
233	Nubri			khasaŋ			recently	adv.
234	Nubri			khase			somebody	pron.
235	Nubri			khaseni			some [Tib.]	pron.
236	Nubri			khasiŋ			recently	adv.
237	Nubri			khasin teli			recently	adv.
238	Nubri			khahala			over there; on that side	adv.
239	Nubri	YOU	1213	khẽ			you	pron.
240	Nubri			kheu			beard; mustache	n.
241	Nubri			khen			knowledgeable	adj.
242	Nubri	DIFFERENT	2504	khepar			different	adj.
243	Nubri			khembu			abbot	n.
244	Nubri	YOU	1213	kheraŋ			you	pron.
245	Nubri			khewa			skillful	adj.
246	Nubri			khewaŋ			skilled person	adj.
247	Nubri			khesin			recently	adv.
248	Nubri	CHEAP	1887	khiu			cheap	adj.
249	Nubri	CIRCLE	1467	khikhir			circle	n.
250	Nubri	HOUSE	1252	khim			house	n.
251	Nubri	NEIGHBOUR	1332	khimdze			neighbour	n.
252	Nubri			khimdak			master of the house	n.
253	Nubri	SPOON	1378	khimbu			spoon	n.
254	Nubri			khirkhir			circular	adj.
255	Nubri			kho			he, it	pron.
256	Nubri			kho			liquid; juice	n.
257	Nubri			kho sopsop			juicy	adj.
258	Nubri			khokkhok			curly (hair)	adj.
259	Nubri			khokpa			inner part of body	n.
260	Nubri	WOUND	1109	khokpa			wound	n.
261	Nubri	TESTICLES	797	khoksi			testicles	n.
262	Nubri	HE	1211	khoŋ			he	pron.
263	Nubri	BE ANGRY	2223	khoŋ laŋ			to be angry	v.
264	Nubri	ANGRY	1826	khoŋɖo			angry	adj.
265	Nubri			khonum			day before yesterday [Sama, cf. khadzaŋ]	adv.
266	Nubri	YOU	1213	khoraŋ			you	pron.
267	Nubri	THEY	817	khoraŋ			they	pron.
268	Nubri	SELF	1993	khoroŋ			self	pron.
269	Nubri	NUT	191	khortshen			chilli	n.
270	Nubri			khorpa			big sickle	n.
271	Nubri	BOIL (OF LIQUID)	792	khol			to boil (intr.)	v.
272	Nubri	POCKET	1851	khol			pocket	n.
273	Nubri			kholda			strip (of bell of horse)	n.
274	Nubri			khu			to be able	v.
275	Nubri	THEY	817	khuŋ			they	pron.
276	Nubri	THEY	817	khuŋgja			they	pron.
277	Nubri	THEY	817	khuŋtso			they	pron.
278	Nubri	THEY	817	khuntso			they	pron.
279	Nubri	CARRY	700	khur			to carry	v.
280	Nubri			khurpa			porter	n.
281	Nubri	LOAD	1679	khurpu			load	n.
282	Nubri			khø			you (2sg)	pron.
283	Nubri			khja			feeling cold	n.
284	Nubri			khjak			to freeze (intr.)	v.
285	Nubri			khjaktsu			to freeze (tran.)	v.
286	Nubri	YOUR	2091	khjaŋ			your	pron.
287	Nubri			khjaŋgja			you (pl)	pron.
288	Nubri			khjap			to spread	v.
289	Nubri			khjam			to go round; to visit	v.
290	Nubri	HUSBAND	1200	khjoka			husband	n.
291	Nubri			khjoktoŋ			young boy	n.
292	Nubri			ga			particle (contrast)	part.
293	Nubri	GOOD	1035	ga			good	adj.
294	Nubri	HAPPY	1495	ga			happy	adj.
295	Nubri			ga			seat on the back of jak	n.
296	Nubri			ga			to be stuck on neck	v.
297	Nubri			ga			to stop (intr.)	v.
298	Nubri	TIME	892	gaŋ			time	n.
299	Nubri			gaŋ			to be full (intr.); to make full (tran.)	v.
300	Nubri			gaŋ			what (Tib.)	pron.
301	Nubri	WHILE	726	gaŋ			while	adv.
302	Nubri	OLD (AGED)	2112	gaŋun			old (aged)	n.
303	Nubri	GOOD	1035	gaŋtsen			nice	n.
304	Nubri			gaŋpo			all (Tib.)	adj.
305	Nubri			gaŋmantse			extreme	adj.
306	Nubri	TIME	892	gaŋla			time	n.
307	Nubri			gatsø 			how much [Tib., cf. maŋlø]	adj.
308	Nubri	HOW MUCH	531	gadzin			much	adj.
309	Nubri			gana			where [Lho, cf. gunta]	adv.
310	Nubri	WHERE	1237	ganala			where	adv.
311	Nubri			gane			how [Lho, cf. guntsu]	adv.
312	Nubri	HOW	1239	gante			how	adv.
313	Nubri			gap			Ghap (place name in Prok)	n.
314	Nubri	BUTTOCKS	834	gapta			buttock	n.
315	Nubri	WEIGH	1098	gar			to weigh	v.
316	Nubri			garok			crow [Lho, cf. kharak]	n.
317	Nubri			garu			where [Samdo]	adv.
318	Nubri			garu			wherever	adv.
319	Nubri	DANCE	1879	gartse			dance	n.
320	Nubri	FENCE	1690	garta taŋ			fence	n.
321	Nubri			gala			clothes [Sama, cf. golak]	n.
322	Nubri			gala			where [Samdo]	adv.
323	Nubri	SLOWLY	2165	gale			slowly	adv.
324	Nubri			galegale			hurriedly	adv.
325	Nubri	BALD	1125	galɖer			bald	adj.
326	Nubri			gawa			graycoloured soil	n.
327	Nubri	EIGHT	1705	ge			eight	num.
328	Nubri			ge			to be split	v.
329	Nubri	FAST	1631	geu			quickly	adv.
330	Nubri			geŋun			old man and woman	n.
331	Nubri	NINETY	1724	getʃu			ninety	num.
332	Nubri			getʃugeʈuk			eighty six	num.
333	Nubri			geɲuŋ			aged people	n.
334	Nubri			gen			upward slope	n.
335	Nubri			gerpa			individual; private	n.
336	Nubri			gerpa			private	adj.
337	Nubri	FALL	1280	gel			to fall	v.
338	Nubri	FALL	1280	gel			to fall	v.
339	Nubri	SLOW	701	gele			slow	adj.
340	Nubri	RELIGION	661	gewa			religion	n.
341	Nubri			-gi			instrumental case	gram.
342	Nubri			-gi			ergative case	gram.
343	Nubri			giri 			all [Lho, cf. tʃapa]	adj.
344	Nubri	ALL	98	girimiri			all	adj.
345	Nubri	GLASS	604	gila			glass	n.
346	Nubri	DOOR	1567	go			door	n.
347	Nubri	HEAR	1408	go			to hear	v.
348	Nubri			go			to need	v.
349	Nubri	ENOUGH	1881	goko			to be enough	v.
350	Nubri	BAD	1292	gokpo			bad	adj.
351	Nubri			gõgõ			beginning [Sama, cf. goma]	adv.
352	Nubri			goŋ			good [Sama, cf. hjama]	adj.
353	Nubri			goŋo			at the first time	adv.
354	Nubri	EVENING	1629	goŋmo			evening	n.
355	Nubri			goŋlo			year (Hon.)	n.
356	Nubri	WEAR	976	gon			to wear	v.
357	Nubri			goni			in the beginning	adv.
358	Nubri			gopu			old; aged	adj.
359	Nubri			gom			addicted to tobacco, or any other things	n.
360	Nubri			gom			meditation	n.
361	Nubri			goma 			in the beginning [Lho, cf. gõgõ]	adv.
362	Nubri			gomani			firstly	adv.
363	Nubri			gompa			monastery	n.
364	Nubri			gomsi			habit	n.
365	Nubri			gorom			yard [Sama; cf. jolok]	n.
366	Nubri			gorum			yard [Sama, cf. elok]	n.
367	Nubri			golak			clothes [Lho, cf. gala]	n.
368	Nubri			golu			song sung when men move from old house to new house	n.
369	Nubri	NINE	1483	gu			nine	num.
370	Nubri			gui			forth day coming (in future, coming)	n.
371	Nubri	CORNER	192	gukla			corner	n.
372	Nubri			guŋmal			beam for supporting rafter	n.
373	Nubri	MIDDLE	1093	guŋla			middle	n.
374	Nubri			guduk 			different [Lho, Sama alak]	adj.
375	Nubri			guntsu			how [Sama, cf. gane]	adv.
376	Nubri			gunta			how [Sama, cf. gana]	adv.
377	Nubri			gupkja			ninety ninety	num.
378	Nubri	TENT	1316	gur			tent	n.
379	Nubri			guruŋ			Gurung	n.
380	Nubri			gul			to shake (intr.)	v.
381	Nubri			gul			shake (tran.)	v.
382	Nubri			gul			to move (intr., tran.)	v.
383	Nubri			gultsuk			to shake (tran.)	v.
384	Nubri			gø			to distribute	v.
385	Nubri	WINTER	1471	gønka			winter	n.
386	Nubri	HUNDRED	1634	gja			hundred	num.
387	Nubri			-gja			plural	gram.
388	Nubri	GATE	2940	gjak			gate	n.
389	Nubri			gjakar			India	n.
390	Nubri	GATE	2940	gjako			gate	n.
391	Nubri	BACK	1291	gjakuŋ			back	adv.
392	Nubri	BEHIND	1686	gjakuŋ			behind	adv.
393	Nubri			gjakuŋla			after that	adv.
394	Nubri	MANY	1198	gjaktse			many	adj.
395	Nubri	FAT (ORGANIC SUBSTANCE)	323	gjakpa			fat	adj.
396	Nubri			gjakʃo			fattest	adj.
397	Nubri	GATE	2940	gjago			gate	n.
398	Nubri			gjatso			Ghyacho (name of a man)	n.
399	Nubri	EIGHTY	1722	gjatʃu			eighty	num.
400	Nubri			gjatʃugjaɲi			eighty two	num.
401	Nubri			gjanak			China	n.
402	Nubri			gjap			to fix (a tent)	v.
403	Nubri	BUILD	1840	gjap			to build	v.
404	Nubri			gjap			to drive away	v.
405	Nubri	HIT	1433	gjap			to hit	v.
406	Nubri			gjaptsa gjap			to hold each other	v.
407	Nubri	OCEAN	645	gjaptso			ocean	n.
408	Nubri	BEHIND	1686	gjapla			behind	post.
409	Nubri	BUCKWHEAT	2040	gjabre			buckwheat	n.
410	Nubri			gjami			Chinese	n.
411	Nubri	OCEAN	645	gjamtso			ocean	n.
412	Nubri			gjaram			located in cross position	n.
413	Nubri	FALL	1280	gjal			to fall	v.
414	Nubri			gjaliŋ			small flute-like musical instrument a lama plays	n.
415	Nubri	COUNTRY	1300	gjalkap			country	n.
416	Nubri			gjaltsa			here and there	adv.
417	Nubri			gjaltsagjap			to hold each other	v.
418	Nubri			gjaltsen			name of a male person	n.
419	Nubri			gjaltsuk			to make fall; to let fall	v.
420	Nubri			gjaltaŋ			bird (of a kind)	n.
421	Nubri	KING	1508	gjalbo			king	n.
422	Nubri			gjawa riŋpur			Dalai Lama	n.
423	Nubri			gjawarimportshe			Dalai Lama	n.
424	Nubri			gjãs			gas	n.
425	Nubri			gjaʃugjaɲi			eighty two	num.
426	Nubri	FAST	1631	gjowú			quickly	adv.
427	Nubri			gju			property	n.
428	Nubri			gju			property inherited from parents	n.
429	Nubri	RUN	1519	gjuk			to run	v.
430	Nubri			gjuken			cause and effect	n.
431	Nubri	STICK	1295	gjukpa			stick	n.
432	Nubri	BECOME	1990	gjur			to become	v.
433	Nubri	CHANGE	1264	gjurwa			to change	v.
434	Nubri	I	1209	ŋa			I	pron.
435	Nubri	WE	1212	ŋaŋtso			we	pron.
436	Nubri			ŋaɲaŋ			early morning	adv.
437	Nubri			ŋantso			we (Tib.)	pron.
438	Nubri	EARLY	672	ŋande			early	adv.
439	Nubri			ŋanso			resting place	n.
440	Nubri	FIFTY	1717	ŋaptʃu			fifty	num.
441	Nubri	BEFORE	1882	ŋama			before	adv.
442	Nubri			ŋamaŋame			long long ago	adv.
443	Nubri			ŋamɲum			experience	n.
444	Nubri	SELF	1993	ŋaraŋ			self	pron.
445	Nubri	TOMORROW	1329	ŋaro			tomorrow	adv.
446	Nubri	OBSTINATE	1842	ŋarkel			obstinate	adj.
447	Nubri			ŋarkjal			insistent	adj.
448	Nubri			ŋarpa			hard working man	n.
449	Nubri			ŋarme			forcefully	adv.
450	Nubri	SWEET	717	ŋarmo			sweet	adj.
451	Nubri			ŋala			first; before	adj.
452	Nubri			ŋalo			what time (early)	adv.
453	Nubri	FIRST	728	ŋaʃo			first	num.
454	Nubri	FIVE	493	ŋá			five	num.
455	Nubri	DRUM	908	ŋá			drum	n.
456	Nubri	WE	1212	ŋe			we	pron.
457	Nubri			ŋeki gompa			Ngeki monastery (Nagarjuna in Kathmandu)	n.
458	Nubri	PILLOW	1044	ŋeko			pillow	n.
459	Nubri	PILLOW	1044	ŋego			pillow	n.
460	Nubri			ŋeŋe			rather little[Sama, cf. tsatsa]	adj.
461	Nubri			ŋetʃik			little [Lho, cf. ŋeŋe]	adv.
462	Nubri	BEFORE	1882	ŋema			before	adv.
463	Nubri			ŋemadiki			Ngemadiki (name of a girl)	n.
464	Nubri	NEAR	1942	ŋemo			near	adv.
465	Nubri	BAD	1292	ŋempa			bad	adj.
466	Nubri			ŋewa rere			everyday	adv.
467	Nubri	SMALL	1246	ŋéŋé			little	adj.
468	Nubri	WE	1212	ŋi			we	pron.
469	Nubri	WE	1212	ŋigja			we	pron.
470	Nubri			ŋimeŋime			forcefully	adv.
471	Nubri			ŋo			to recognize	v.
472	Nubri			ŋo seken			identification	n.
473	Nubri			ŋokar			light blue	adj.
474	Nubri	SHY	487	ŋotsha			shy	n.
475	Nubri			ŋotok			real	adj.
476	Nubri			ŋotok			in reality	adv.
477	Nubri			ŋotok			extremely	adv.
478	Nubri			ŋonpo			blue (Tib.)	adj.
479	Nubri	BEFORE	1882	ŋoma			before	adv.
480	Nubri	BLUE	837	ŋombu			blue	adj.
481	Nubri			ŋola			before; in front of	adv.
482	Nubri	CRY	1839	ŋui			to weep	v.
483	Nubri			ŋuitsuk			to make weep	v.
484	Nubri	BEFORE	1882	ŋuma			before	adv.
485	Nubri	SILVER	759	ŋul			silver	n.
486	Nubri	MONEY	1559	ŋul			money	n.
487	Nubri	SWEAT (SUBSTANCE)	125	ŋulnak			sweat	n.
488	Nubri			ŋø			to fry	v.
489	Nubri			ŋápa			fifth	num.
490	Nubri	VEIN	1924	tsa			vein	n.
491	Nubri	ROOT	670	tsa			root	n.
492	Nubri	GRASS	606	tsa			grass	n.
493	Nubri	BASKET	1539	tsau			basket	n.
494	Nubri			tsakatsiki			light (not serious)	adj.
495	Nubri			tsaksum			twenty three	num.
496	Nubri	LIZARD	632	tsaŋbre			lizard	n.
497	Nubri	CLEAN	704	tsaŋma			clean	adj.
498	Nubri			tsaŋma			pure (untouched)	adj.
499	Nubri			tsatsa 			ratjer little [Sama, cf. ŋeŋe]	adj.
500	Nubri	TWENTY	1710	tsaɲi			twenty	num.
501	Nubri			tsadokju			curse; abusive expression	n.
502	Nubri	GRASSHOPPER	607	tsabu			grasshopper	n.
503	Nubri	LIKE	1117	tsamɖa			like	adj.
504	Nubri			tsampa			flour [Nubri, cf. phe]	n.
505	Nubri			tsal			to search	v.
506	Nubri			tsala			to sift	v.
507	Nubri	PLAY	1413	tse			play	v.
508	Nubri			tse			front part of panis	n.
509	Nubri	TONGUE	1205	tseõ			tongue	n.
510	Nubri			tsen			place where people live (in contrast to the place where god andsnake god lives)	n.
511	Nubri			tsepo			basket (made of bamboo strips)	n.
512	Nubri			tsema 			less	adj.
513	Nubri			tsema			young, youth	adj.
514	Nubri			tsemʃel			eyeglass (Hon)	n.
515	Nubri			tsẽresi			Cherensi God	n.
516	Nubri	POT	1462	tselak			pot	n.
517	Nubri			tsesa			playground	n.
518	Nubri			tsĩ			particle (right)	part.
519	Nubri			tsi			to calculate; to count	v.
520	Nubri			tsi			mathematics	n.
521	Nubri			tsia			also	adv.
522	Nubri	SOME	1241	tsia			some	adj.
523	Nubri			tsikden			normal life	n.
524	Nubri	WALL (OF HOUSE)	933	tsikpa			wall	n.
525	Nubri			tsikja			foreigner	n.
526	Nubri			tsitaŋtsime			very much	adv.
527	Nubri			tsitamtʃi			anything	pron.
528	Nubri			tsitoŋ taŋ			to calculate	v.
529	Nubri			tsiduŋ			calculation	n.
530	Nubri			tsilo			what (used in the conversation when one is confused)	excl.
531	Nubri			tso			important; main	adj.
532	Nubri			tsoktsok			straight up (while sitting)	n.
533	Nubri	PRISON	1281	tsoŋkhaŋ			prison	n.
534	Nubri			tsotso 			like (resembling) [Sama, cf. tʃamɖa]	adj.
535	Nubri			tsomdendja			Lord Buddha	n.
536	Nubri	PRISONER	1072	tsompa			prisoner	n.
537	Nubri	BELIEVE	1890	tsol			to believe	v.
538	Nubri			tsu			to plant small plant	v.
539	Nubri			tsuk			to allow	v.
540	Nubri			tsupin			crest	n.
541	Nubri			tsum			Tsum valley	n.
542	Nubri	COOK (SOMETHING)	1100	tsø			to cook	v.
543	Nubri	PRISON	1281	tsøŋkhaŋ			prison	n.
544	Nubri			tsøsa			pot for cooking	n.
545	Nubri	SALT	1274	tsha			salt	n.
546	Nubri	FEVER	1534	tsha			fever	n.
547	Nubri			tsha garpa 			with more salt	adj.
548	Nubri	GRANDDAUGHTER	1619	tshãu			granddaughter	n.
549	Nubri	NEPHEW	1063	tshaũ			nephew	n.
550	Nubri			tshau			grandson\	n.
551	Nubri	BECOME	1990	tshak			to become	v.
552	Nubri			tshak			Chak village in Nubri	n.
553	Nubri	ENOUGH	1881	tshaŋ			to be enough	v.
554	Nubri	NEST	539	tshaŋ			nest	n.
555	Nubri			tshaŋma			all (Tib.)	adj.
556	Nubri			tshaŋre			attendence	n.
557	Nubri			tshaŋsaŋmo			Chhangsangmo (name of a female person)	n.
558	Nubri	MEANING	2950	tshaɲi			meaning	n.
559	Nubri	HOT	1286	tshane			hot	adj.
560	Nubri	HOT	1286	tshande			hot	adj.
561	Nubri	NIGHT	1233	tshamo			night	n.
562	Nubri	SOMETIMES	1544	tshamtsham			sometimes	adv.
563	Nubri	GROW	479	tshar			to grow (intr.)	v.
564	Nubri			tshariktsen			Chharikchen (name of a male person)	n.
565	Nubri			tshartsuk			to grow (tr.)	v.
566	Nubri	VEGETABLES	924	tshe			vegetable	n.
567	Nubri			tsheta			traditional mill	n.
568	Nubri			tshedu			for [Tib.]	post.
569	Nubri	NIGHT	1233	tshen			night	n.
570	Nubri			tshen rikpa			scientist	n.
571	Nubri			tshepa			date	n.
572	Nubri			tshema			debate	n.
573	Nubri			tsher			semi-liquid substance when the whey is boiled and changes intosolid while making cheese	n.
574	Nubri			tsher			feeling of sadness or unhappiness	n.
575	Nubri			tsher lu			song which is sung one someone is sad	n.
576	Nubri			tsheraŋ			auspicious moment	n.
577	Nubri			tsherikpa			scientist	n.
578	Nubri	THORN	124	tsherma			thorn	n.
579	Nubri			tshewaŋgjurme			Tsewanggurme	n.
580	Nubri			tshewaŋtsheʈup			worship (name of a worship)	n.
581	Nubri			tsheʃo			first born	adj.
582	Nubri			tsheʃo			oldest	adj.
583	Nubri	JOINT	999	tshi			joint	n.
584	Nubri	OCEAN	645	tshi gjamdzo			ocean	n.
585	Nubri	BURN	2102	tshik			to burn	v.
586	Nubri			tshikja			foreign country	n.
587	Nubri			tshiŋtshøʈen			Chinchyoten	n.
588	Nubri			tshitu			for	post.
589	Nubri	KNUCKLE	2824	tshidok			knuckle	n.
590	Nubri			tshipta			horse (Hon)	n.
591	Nubri	NIGHT	1233	tshimu			night	n.
592	Nubri	BIG	1202	tshimpo			big	adj.
593	Nubri			tshimpo			first born, eldest	adj.
594	Nubri			tshiriŋ			Tshiring (name of a person)	n.
595	Nubri			tshiriŋtshøʈen			Chiring Choeten (name of a person)	n.
596	Nubri			tshiriŋnamgjal			Chhiring Namgyal (name of a person)	n.
597	Nubri	LATE	477	tshila			later	adv.
598	Nubri	LATE	477	tshiso			later	adv.
599	Nubri			tshiʃo			heaviest [Sama, cf. tʃaʃo]	adj.
600	Nubri			tsho			to ripen; to be cooked	v.
601	Nubri	TOWARDS	2754	tshok			towards	adv.
602	Nubri			tshokaŋ gompa			Chokang gompa [PN]	n.
603	Nubri	ABOVE	1741	tshokpa			above	adv.
604	Nubri			tshokpa			group; organization	n.
605	Nubri			tshokla			on that side	adv.
606	Nubri	TOWARDS	2754	tshokla			towards	adv.
607	Nubri			tshokliŋ			Chokling (name of a lama)	n.
608	Nubri			tshokliŋ rimburthse			Tshokling Rimborthse (a lama)	n.
609	Nubri	SELL	1571	tshoŋ			to sell	v.
610	Nubri	SHOP	746	tshoŋkhaŋ			shop	n.
611	Nubri			tshoŋpa			seller	n.
612	Nubri			tshoɖik			fulfilled	v.
613	Nubri			tshomiɖik			not fulfilled	adj.
614	Nubri			tshor			knowledge	n.
615	Nubri	FEEL	1079	tshor			to feel	v.
616	Nubri			tshorten			stupa	n.
617	Nubri			tshorwa			feeling	n.
618	Nubri			tshorwa			experience	n.
619	Nubri	HERE	136	tshu			here	adv.
620	Nubri			tshu			this side	adv.
621	Nubri			tshuŋtshuŋ			while being young	adv.
622	Nubri			tshurtap			from there	adv.
623	Nubri			tshurtap			after that	adv.
624	Nubri	CHEESE	1569	tshurpe			cheese	n.
625	Nubri			tshula			this side	adv.
626	Nubri			tshuluŋ			irrigation-channel	n.
627	Nubri	GRAZE	3058	tshø			graze	v.
628	Nubri	IRON	621	tʃa			iron	n.
629	Nubri	DESTROY	681	tʃak			to break (tr.)	v.
630	Nubri	TIN (METAL)	893	tʃakar			tin	n.
631	Nubri	WHIP	2630	tʃaktsen			whip	n.
632	Nubri			tʃaŋ			any	pron.
633	Nubri			tʃaŋ			to hang (tran.)	v.
634	Nubri	CLEVER	1310	tʃaŋbo			clever	adj.
635	Nubri			tʃaŋʃo			cleverest	adj.
636	Nubri			tʃana			particle (doubt)	part.
637	Nubri			tʃande 			heavy [Lho, cf. tʃøtʃø]	adj.
638	Nubri			tʃapa			all [Sama, cf. giri]	adj.
639	Nubri	EIGHTEEN	1713	tʃapke			eighteen	num.
640	Nubri			tʃapta 			all [Sama, cf. dʒeptak]	adj.
641	Nubri	ALL	98	tʃaptali			all	adj.
642	Nubri			tʃamʈa			similar (resembling) [Lho, cf. tsotso]	adj.
643	Nubri	LIKE	1117	tʃamɖa			like	adj.
644	Nubri			tʃar			to attend	v.
645	Nubri			tʃaʃo			heaviest [Lho, cf. tshiʃo]	adj.
646	Nubri			tʃen			eye (Hon.)	n.
647	Nubri	SMALL	1246	tʃema			small	adj.
648	Nubri	THING	738	tʃelak			thing	n.
649	Nubri	WHAT	1236	tʃi			what	pron.
650	Nubri			tʃi			to build wall	v.
651	Nubri			tʃiã			any	pron.
652	Nubri	ONE	1493	tʃik			one	num.
653	Nubri			tʃiktaŋ			actually	adv.
654	Nubri			tʃikpe			lonely	adj.
655	Nubri	ALONE	1964	tʃikpetʃik			alone	adv.
656	Nubri			tʃikpo			something [Tib.]	pron.
657	Nubri			tʃikra			something	pron.
658	Nubri	WHAT	1236	tʃini			what	pron.
659	Nubri	SIXTEEN	2454	tʃiruk			sixteen	num.
660	Nubri			tʃilo			what else?	excl.
661	Nubri	FIFTEEN	1709	tʃoŋa			fifteen	num.
662	Nubri			tʃotʃo 			like that [Sama, cf. ɖanɖa]	adj.
663	Nubri	NOISE	1182	tʃotʃomama			noise	n.
664	Nubri	TEN	1515	tʃu			ten	num.
665	Nubri			tʃukputʃik			alone only	adj.
666	Nubri	FOURTEEN	2451	tʃukʃi			fourteen	num.
667	Nubri			tʃuŋwa			smaller	num.
668	Nubri			tʃuŋʃo			smallest	adj.
669	Nubri	ELEVEN	1706	tʃutʃik			eleven	num.
670	Nubri	TWELVE	1707	tʃuɲi			twelve	num.
671	Nubri	SIXTEEN	2454	tʃuʈuk			sixteen	num.
672	Nubri			tʃupa			tenth	num.
673	Nubri	EIGHTEEN	1713	tʃupke			eighteen	num.
674	Nubri	SEVENTEEN	2453	tʃupdʏn			seventeen	num.
675	Nubri	THIRTEEN	1708	tʃupsum			thirteen	num.
676	Nubri	FOURTEEN	2451	tʃupʃi			fourteen	num.
677	Nubri	NINETEEN	1714	tʃurku			nineteen	num.
678	Nubri			tʃʏden			blanket or shawl woven mainly for children to sleep, or for them tocarry, or to keep them warm	n.
679	Nubri			tʃø			correction	n.
680	Nubri			tʃø			to examine	v.
681	Nubri			tʃøtʃø			heavy [Lho, cf. tʃamda]	adj.
682	Nubri	FIFTEEN	1709	tʃweŋa			fifteen	num.
683	Nubri			tʃha			to settle	v.
684	Nubri	BECOME	1990	tʃha			to become	v.
685	Nubri			tʃhak			to break (intr.)	v.
686	Nubri	FODDER	3046	tʃhak			fodder	n.
687	Nubri	SIDE	682	tʃhak			side	n.
688	Nubri			tʃhak			action of bowing down	n.
689	Nubri			tʃhak			to break (tran.)	v.
690	Nubri			tʃhak			hand (Hon.)	n.
691	Nubri			tʃhak			Cha (name of a place)	n.
692	Nubri	WORSHIP	257	tʃhaktʃhopara			worship	n.
693	Nubri			tʃhakrap			civilized	adj.
694	Nubri	SIDE	682	tʃhakla			side	adv.
695	Nubri			tʃhãkhi			three-legged iron stand in oven	n.
696	Nubri			tʃhaŋ			brewd liquor	n.
697	Nubri			tʃhaŋ lu			song sung during drink (liquor)	n.
698	Nubri			tʃhatsaŋ			all (Tib.)	adj.
699	Nubri			tʃhadaŋ			name of a place	n.
700	Nubri			tʃhap			water (Hon.)	n.
701	Nubri			tʃhapteli 			together (Lho, ɲumbu]	post.
702	Nubri	TOGETHER	2482	tʃhamthale			together	n.
703	Nubri			tʃharsi			plan	n.
704	Nubri	TOGETHER	2482	tʃhala			together	adv.
705	Nubri			tʃhewaŋ			life empower ceremony	n.
706	Nubri	URINE	1142	tʃhi			urine	n.
707	Nubri	PISS	592	tʃhi taŋ			to urinate	v.
708	Nubri			tʃhikja			abroad	n.
709	Nubri			tʃho			saliva; spit	n.
710	Nubri			tʃhoeɖen			Choeden (name of a female person)	n.
711	Nubri			tʃhoikel			Choekel (name of a male person)	n.
712	Nubri	JUMP	1829	tʃhoŋ			to jump	v.
713	Nubri	WATER	948	tʃhu			water	n.
714	Nubri			tʃhu luŋba			water-channel	n.
715	Nubri	DEW	1977	tʃhu silpa			dew	n.
716	Nubri	TIME	892	tʃhutse			time	n.
717	Nubri	SEVENTEEN	2453	tʃhupdʏn			seventeen	num.
718	Nubri	FROM	693	tʃhula			from	post.
719	Nubri	WORSHIP	257	tʃhø			worship	n.
720	Nubri	BOOK	963	tʃhø			book	n.
721	Nubri	EAT	1336	tʃhø			to eat	v.
722	Nubri			tʃhøkaŋ			worship room	n.
723	Nubri			tʃhøkaŋ gompa			Choekang gompa (in Tsum)	n.
724	Nubri	CLOCK	1323	tʃhøtse			clock	n.
725	Nubri			tʃhøtswe			time; watch	n.
726	Nubri	CHANGE	1264	tʃhøɖal			alter	n.
727	Nubri			tʃhønɖal			worship things	n.
728	Nubri			tʃhøpa			religious offering	n.
729	Nubri	GUESS	1932	tʃhøpa			guess	n.
730	Nubri			tʃhøme			lamp for god	n.
731	Nubri	RELIGION	661	tʃhølu			religion	n.
732	Nubri	CLIMB	1102	dza			to climb	v.
733	Nubri			dzaŋ			to send; to keep	v.
734	Nubri	WORLD	965	dzaŋboliŋ			earth	n.
735	Nubri			dzar			to bowl to offer water	v.
736	Nubri			dzar			to use medicine wound; to use ice to cool down the feeling of burning	v.
737	Nubri	DROP	750	dzar			to drop	v.
738	Nubri	FALL	1280	dzar			to fall	v.
739	Nubri	FALL	1280	dzar			to fall	v.
740	Nubri			dzaroŋ			place covered with stones	n.
741	Nubri			dzartsuk			to make fall	v.
742	Nubri			dzawa			to think something worthless	v.
743	Nubri	DO	813	dze			to do	v.
744	Nubri			dze			leprosy	n.
745	Nubri	BECOME	1990	dze			to become	v.
746	Nubri			dzea			cow dung	n.
747	Nubri	LATE	477	dzema			later	adv.
748	Nubri	LATE	477	dzela			later	adv.
749	Nubri	LATE	477	dzela			later	adv.
750	Nubri	VAGINA	1836	dzeli			vagina	n.
751	Nubri			dzĩ			particle (you know?)	part.
752	Nubri	KNEAD	274	dzi			to knead	v.
753	Nubri			dzia			either	conj.
754	Nubri	NECK	1333	dziŋba			neck	n.
755	Nubri	BECAUSE	1157	dzine			because	conj.
756	Nubri			dzindak			sponser	n.
757	Nubri			dzinlap			blessing	n.
758	Nubri			dzinlap			gratitude; blessing	n.
759	Nubri			dzipura			around	adv.
760	Nubri			dzimba			not ripe	adj.
761	Nubri	FINISH	1766	dzo			to finish	v.
762	Nubri	NOW	1376	dzoko			now	adv.
763	Nubri	IMMEDIATELY	1963	dzokotali			immediately	adv.
764	Nubri	FIND	719	dzor			to find	v.
765	Nubri			dzu			udder; breast	n.
766	Nubri	FINGER	1303	dzuku			finger	n.
767	Nubri	JUST	84	dzuku tali			just now	adv.
768	Nubri			-dzuŋ			past tense marker	gram.
769	Nubri			dzuŋwa			natural	adj.
770	Nubri	FALSE	3069	dzun			false	adj.
771	Nubri			dzungarpe			person who tell lies	n.
772	Nubri			dzunse			to tell a lie	v.
773	Nubri			dzupu			store room	n.
774	Nubri	NAKED	590	dzurma			naked	adj.
775	Nubri			dzø			approximately	adj.
776	Nubri			dzøn			to be able	v.
777	Nubri			dʒa			Tibetan tea	n.
778	Nubri	TEA	1373	dʒa			tea	n.
779	Nubri	ROOSTER	1511	dʒau			rooster	n.
780	Nubri	LEARN	504	dʒaŋ			to learn	n.
781	Nubri	NORTH	1598	dʒaŋ			north	adj.
782	Nubri	GREEN	1425	dʒaŋkhu			green	adj.
783	Nubri	GREEN	1425	dʒaŋgu			green	adj.
784	Nubri	SCISSORS	1328	dʒaptse			scissors	n.
785	Nubri			dʒaptse			to be torn	v.
786	Nubri	SOFT	1856	dʒampo			soft	adj.
787	Nubri			dʒambal			Jyambal (name of a male person)	n.
788	Nubri			dʒar			to attach	v.
789	Nubri	GET	694	dʒar			to get	v.
790	Nubri			dʒar			to connect	v.
791	Nubri	EAGLE	1905	dʒarko			eagle	n.
792	Nubri			dʒal			to meet (Hon.)	v.
793	Nubri			dʒalka			to take audience of lama	v.
794	Nubri	NEST	539	dʒasaŋ			nest	n.
795	Nubri			dʒeptak 			all [Lho, cf. tʃapta]	adj.
796	Nubri	FEAR (BE AFRAID)	1419	dʒi			to be afraid	v.
797	Nubri			dʒi			to make afraid	v.
798	Nubri	COWARD	1319	dʒisuk garpa			coward	adj.
799	Nubri	HEN	1514	dʒõ			hen	n.
800	Nubri	SWEEP	230	dʒo			to sweep	v.
801	Nubri	HEN	1514	dʒoŋ			hen	n.
802	Nubri			dʒolmo			a kind of bird	n.
803	Nubri	GET	694	dʒuŋ			to get	v.
804	Nubri			dʒupa			slim; thin	adj.
805	Nubri	TOGETHER	2482	dʒur			together	post.
806	Nubri	GATHER	7	dʒur			to gather	v.
807	Nubri			ɲa			above [Lho]	adv.
808	Nubri	FISH	227	ɲa			fish	n.
809	Nubri	ABOVE	1741	ɲa			above	adv.
810	Nubri			ɲak			Ngyakphedi (a place in Sirdibas)	n.
811	Nubri			ɲakɖepa			person who eats much	n.
812	Nubri			ɲaklaŋ			back and shoulder (body part)	n.
813	Nubri			ɲaŋ			to get hardship (suffering)	v.
814	Nubri			ɲabri			calf (leg)	n.
815	Nubri			ɲama			above [Lho]	adv.
816	Nubri			ɲama			from above [Lho]	adv.
817	Nubri			ɲamdzuŋ			simple; straightforward	adj.
818	Nubri			ɲamɲum			experience	n.
819	Nubri			ɲamdo			together [Tib]	post.
820	Nubri	TOGETHER	2482	ɲambu ɲambu			together	post.
821	Nubri	SLEEP	1585	ɲal			to sleep	v.
822	Nubri	ABOVE	1741	ɲala			above	adv.
823	Nubri			ɲalu			bastard child	n.
824	Nubri			ɲaltsuk			to make one sleep	v.
825	Nubri			ɲalʈhi			cot	n.
826	Nubri			ɲaltaŋ			persons born in the same year	n.
827	Nubri			ɲaldaŋ			person born in the same year	n.
828	Nubri			ɲalʃiŋ			cane splinters	n.
829	Nubri	HELL	878	ɲawa			hell	n.
830	Nubri	YOKE	14	ɲaʃiŋ			yoke	n.
831	Nubri	QUILT	2048	ɲeko			quilt	n.
832	Nubri			ɲen			ear (Hon.)	n.
833	Nubri			ɲenpur			abscess	n.
834	Nubri	PILLOW	1044	ɲelko			pillow	n.
835	Nubri	BEAT	1665	ɲé			to beat	v.
836	Nubri	TWO	1498	ɲi			two	num.
837	Nubri	SLEEP	1585	ɲi			sleep	n.
838	Nubri			ɲi ʈø			to get sleep; to feel asleep	v.
839	Nubri			ɲikar			both	num.
840	Nubri	HEART	1223	ɲiŋ			heart	n.
841	Nubri	AFTERNOON	1807	ɲiŋkuŋ			afternoon	adv.
842	Nubri	OLD	1229	ɲiŋba			old	adj.
843	Nubri			ɲitʃé			to wake up (intr., tran.)	v.
844	Nubri	DAY (NOT NIGHT)	1225	ɲin			day	n.
845	Nubri	DAY (NOT NIGHT)	1225	ɲima			day	n.
846	Nubri	BEFORE	1882	ɲima			before	adv.
847	Nubri	AFTERNOON	1807	ɲimu			afternoon	n.
848	Nubri	WITH	1340	ɲimbu			with	post.
849	Nubri			ɲimbu			along	adv.
850	Nubri	WE	1212	ɲija			we	pron.
851	Nubri	WE	1212	ɲiraŋ			we	pron.
852	Nubri			ɲisor			to fall in light sleep as one rests	v.
853	Nubri	TWENTY	1710	ɲiʃu			twenty	num.
854	Nubri	TWENTY FIVE	1738	ɲiʃutsaŋá			twenty five	num.
855	Nubri			ɲiʃutsaɲi			twenty two	num.
856	Nubri			ɲiʃutsaʈuk			twenty six	num.
857	Nubri			ɲiʃutsapge			twenty eight	num.
858	Nubri			ɲiʃutsapgu			twenty nine	num.
859	Nubri			ɲiʃutsapdʏn			twenty seven	num.
860	Nubri	TWENTY FOUR	1736	ɲiʃutsapʃi			twenty four	num.
861	Nubri	TWENTY ONE	1734	ɲiʃutsutsik			twenty one	num.
862	Nubri			ɲonup			to set sun	v.
863	Nubri			ɲoma			small in quantity	adj.
864	Nubri	BEFORE	1882	ɲola			before	adv.
865	Nubri	SUNRISE	2296	ɲoʃar			sunrise	n.
866	Nubri			ɲuŋ			experience	n.
867	Nubri			ɲuŋ			to experience	v.
868	Nubri			ɲuŋma			a kind of small bamboo	n.
869	Nubri			ɲuŋʃo			least	adj.
870	Nubri	WITH	1340	ɲumu			with	post.
871	Nubri			ɲumpu			with [Sama, cf. mula]	post.
872	Nubri			ɲumbu 			together [Sama, cf. tʃhapteli]	post.
873	Nubri	BUY	1869	ɲø			to buy	v.
874	Nubri			ɲødiki			Nyodiki (girl's name)	n.
875	Nubri	MONEY	1559	ʈã			money	n.
876	Nubri	LIKE	1117	ʈa			like	adj.
877	Nubri	PLASTIC	654	ʈakʃok			plastic	n.
878	Nubri	MONEY	1559	ʈaŋa			money	n.
879	Nubri			ʈaŋga			money [Lho]	n.
880	Nubri	TENT	1316	ʈapliŋ			tent	n.
881	Nubri			ʈam			to distribute	v.
882	Nubri			ʈasi			Tasi (name of a male person)	n.
883	Nubri			ʈasidele			greeting word	n.
884	Nubri			ʈeʈe 			small [Sama, cf. tʃema]	adj.
885	Nubri			ʈeba			staircase (made of wood)	n.
886	Nubri			ʈewa			staircase [Lho, cf. rewa)	n.
887	Nubri			ʈi			milk-cream	n.
888	Nubri	TIGHT	3053	ʈiŋɖiŋ			tight	adj.
889	Nubri			ʈibhi			television [Eng.]	n.
890	Nubri			ʈimomo			dumpling bread	n.
891	Nubri			ʈoileʈ			toilet (Eng.)	n.
892	Nubri			ʈok			Prok village	n.
893	Nubri			ʈol			to make loose	v.
894	Nubri			ʈu			to mix	v.
895	Nubri			ʈu			to dissolve (intr.)	v.
896	Nubri			ʈu			to shake (intr.)	v.
897	Nubri	FINISH	1766	ʈup			to finish	v.
898	Nubri			ʈulku			reincarnation; reincarnated lama	n.
899	Nubri	MAGIC	392	ʈulba			magic	n.
900	Nubri	WASH	1453	ʈʏ			to wash	v.
901	Nubri			ʈha			to snatch	v.
902	Nubri	VULTURE	1185	ʈha			vulture	n.
903	Nubri	SHINE	708	ʈha lem lem			to shine	v.
904	Nubri	STRONG	785	ʈhakpo			strong	adj.
905	Nubri			ʈhaŋa			garland woven with small beads used for counting hymn; rosary beads	n.
906	Nubri			ʈhathiŋ			completely	adj.
907	Nubri	WEAVE	133	ʈhada			to weave	v.
908	Nubri			ʈhi			to drag	v.
909	Nubri			ʈhi			cot	n.
910	Nubri	PULL	1455	ʈhik			to pull	v.
911	Nubri	BUTTON	757	ʈhiptsi			button	n.
912	Nubri			ʈhim			law; rule	n.
913	Nubri	COURT	1068	ʈhimkaŋ			court	n.
914	Nubri			ʈhimpa			lawyer	n.
915	Nubri			ʈho			to snatch; to grab	v.
916	Nubri	QUARREL	1848	ʈhokpa			quarrel	n.
917	Nubri			ʈhu			length covered from the ankle to the tip of middle finger (atradtional measure term)	n.
918	Nubri	THING	738	ʈhuk			thing	n.
919	Nubri			ʈhuk			to disagree	v.
920	Nubri			ʈhuŋ			to be born (Hon.)	v.
921	Nubri			ʈhuŋ hjul			birth place	n.
922	Nubri			ʈhutor putor			disarray (not in sequence)	adj.
923	Nubri	MAGIC	392	ʈhul			magic	n.
924	Nubri	ENEMY	1358	ɖa			enemy	n.
925	Nubri			ɖa			like; resembling	adj.
926	Nubri			ɖakar			Dhakar (a place in Kyirong, Tibet)	n.
927	Nubri			ɖaktshaŋ			a lama	n.
928	Nubri			ɖaŋ			to count rosary beads; to recite mantras	v.
929	Nubri	CHEST	1592	ɖaŋkok			chest	n.
930	Nubri			ɖaŋtsø			pant like dressing of lama 	n.
931	Nubri			ɖaŋbo			honest; simple; gullible	adj.
932	Nubri	STRAIGHT	1404	ɖaŋbo			straight	adj.
933	Nubri	FLY (MOVE THROUGH AIR)	1441	ɖaŋma			fly	n.
934	Nubri	COLD	1287	ɖaŋmu			cold	adj.
935	Nubri	GOOD	1035	ɖadʒaro			better	adj.
936	Nubri	SAME	200	ɖana			same	adj.
937	Nubri			ɖana			like; resembling	adj.
938	Nubri			ɖanara			like; resembling	adj.
939	Nubri			ɖanɖa 			like that [Lho, tʃotʃo]	adj.
940	Nubri	EQUAL	1570	ɖanɖamanɖa			equal	adj.
941	Nubri			ɖap			plank used on the floor	n.
942	Nubri			ɖapa			lama	n.
943	Nubri	NEAR	1942	ɖam			near	adv.
944	Nubri	FORGET	1523	ɖama dze			to forget	v.
945	Nubri			ɖame			unconscious	adj.
946	Nubri			ɖamtʃa			to slap on cheek	v.
947	Nubri	CHEEK	1730	ɖampa			cheek	n.
948	Nubri	CHEEK	1730	ɖampa			cheek	n.
949	Nubri			ɖampa			remembering	n.
950	Nubri	NEAR	1942	ɖamla			near	adv.
951	Nubri			ɖamsi			base; foundation	n.
952	Nubri			ɖalu			song sung sitting (standing) in line	n.
953	Nubri			ɖawa			monk	n.
954	Nubri			ɖasaŋ			lama living in group	n.
955	Nubri	RICE	926	ɖe			rice	n.
956	Nubri			ɖe			trim yak's hair	n.
957	Nubri			ɖenɖe			like this	adj.
958	Nubri	HURRY	754	ɖela			hurry	n.
959	Nubri			ɖewa			relation	n.
960	Nubri			ɖese			description	n.
961	Nubri			ɖi			knife [Lho, cf. ɖuku]	n.
962	Nubri	ASK (INQUIRE)	1309	ɖi			to ask	v.
963	Nubri	WRITE	1672	ɖi			to write	v.
964	Nubri			ɖik			right; true	adj.
965	Nubri			ɖima			smelling bad	n.
966	Nubri			ɖilpu			small musical instrument	n.
967	Nubri	GO	695	ɖo			to go	v.
968	Nubri	WHEAT	1077	ɖo			wheat	n.
969	Nubri			ɖo lama lumi			lukewarm	adj.
970	Nubri			ɖo lu			song which is sung while danching	n.
971	Nubri	MORNING	1339	ɖokoŋ			morning	n.
972	Nubri			ɖokpo			religiously bonded friend	n.
973	Nubri			ɖoŋ			to die (Hon.)	v.
974	Nubri			ɖoŋ			to die (Hon.)	v.
975	Nubri	FAMILY	194	ɖoŋpa			family	n.
976	Nubri			ɖoŋmo			morning and afternoon	n.
977	Nubri			ɖoŋsip			cluster of houses	n.
978	Nubri			ɖotaŋ			way of doing	n.
979	Nubri			ɖotaŋɖenta			on behalf of	post.
980	Nubri	KNOT	760	ɖotok			knot	n.
981	Nubri			ɖopa			belley	n.
982	Nubri			ɖopa ɖaŋ			to be full (stomach being full of food)	v.
983	Nubri			ɖopo			religious bonded friend (male)	n.
984	Nubri			ɖolu			song sung standing	n.
985	Nubri			ɖosoŋ			investment	n.
986	Nubri	HAPPEN	248	ɖohoŋ			to happen	v.
987	Nubri			ɖu			to collect	v.
988	Nubri	GRAIN	605	ɖu			grain	n.
989	Nubri			ɖu			to collect; to gather	v.
990	Nubri	SIX	1703	ɖuk			six	num.
991	Nubri	SIX	1703	ɖuk			six	num.
992	Nubri			ɖuku			knife [Sama, cf. ɖi]	n.
993	Nubri	SIXTY	1718	ɖuktʃu			sixty	n.
994	Nubri			ɖuktʃurapke			sixty nine	num.
995	Nubri			ɖuktʃurapge			sixty eight	num.
996	Nubri			ɖukpa			sixth	num.
997	Nubri			ɖukpa			Bhutnese	n.
998	Nubri	MORNING	1339	ɖuŋo			morning	adv.
999	Nubri			ɖup			to complete	v.
1000	Nubri			ɖumtse			a kind of worship done at gompa; a festival in Prok	n.
1001	Nubri			ɖumtsi			Tibetan carpet	n.
1002	Nubri	SNAKE	730	ɖul			snake	n.
1003	Nubri			ɖø			to run away	v.
1004	Nubri			ɖøtsuk			to make run away	v.
1005	Nubri			ɖømauʈen			Domaudhen (name of a person)	n.
1006	Nubri	WHEAT	1077	ɖjã			wheat	n.
1007	Nubri	SMELL (STINK)	1587	ɖwa			smell bad	v.
1008	Nubri			ta			particle (as for)	part.
1009	Nubri			ta			to look at	v.
1010	Nubri	GRIND	1033	ta:			to grind	v.
1011	Nubri	WEAVE	133	ta:			to weave	v.
1012	Nubri			ta silpa			hair of horse's head	n.
1013	Nubri	FLOW	2003	tak			to flow	v.
1014	Nubri			takor			to examine	v.
1015	Nubri			takpa			permanent	adj.
1016	Nubri	BACK OF HEAD	523	taksa			back of head	n.
1017	Nubri	DO	813	taŋ			to do	v.
1018	Nubri			taŋ			to be released	v.
1019	Nubri			taŋtaŋ			way (of thinking)	n.
1020	Nubri	LEAVE	1752	taŋʃàk			to leave	v.
1021	Nubri	MULE	890	taɖe			mule	n.
1022	Nubri			taɖum			carpet fixed on the back of the horse (as a part of seat)	n.
1023	Nubri	PLANT (VEGETATION)	653	tap			plant	n.
1024	Nubri	PLANT (SOMETHING)	1486	tap			to plant	v.
1025	Nubri	PAN	31	tapkja			pan	n.
1026	Nubri			tam			talk [Lho, Sama, cf. ketsa]	n.
1027	Nubri	STORY	2060	tampe			story	n.
1028	Nubri	AXE	677	tari			axe	n.
1029	Nubri			tale			particle used to give emphasis (only)	part.
1030	Nubri			tale			without being serious	adj.
1031	Nubri			taldaŋ			dung of horse	n.
1032	Nubri	HORSE	615	tá			horse	n.
1033	Nubri			te			to see; to look	v.
1034	Nubri	GIVE	1447	te			to give	v.
1035	Nubri			tea			naval	n.
1036	Nubri			teka			frame of seat fixed on the back of the horse	n.
1037	Nubri			tega			seat of horse	n.
1038	Nubri			ten			take out	v.
1039	Nubri	WEAVE	133	ten ta			to weave	v.
1040	Nubri			tenten			really	adv.
1041	Nubri	CERTAIN	509	tenten			certainly	adv.
1042	Nubri			temo			cow [Sama, cf. balaŋ]	n.
1043	Nubri			tempo			simple; straightforward	adj.
1044	Nubri			tempo			stable; not moving	adj.
1045	Nubri			tempo			secure	adj.
1046	Nubri			tɛtɛ			small [Sama]	adj.
1047	Nubri			ti			to harvest	v.
1048	Nubri			tigi			baby horse; young horse	n.
1049	Nubri	BELL	2246	tiŋ			bell	n.
1050	Nubri	DEEP	1593	tiŋ rimbu			deep	adj.
1051	Nubri			tiŋma			later [Sama]	adv.
1052	Nubri	AFTER	1685	tiŋma			after	adv.
1053	Nubri	NEXT YEAR	515	tiŋma			next year	adv.
1054	Nubri			tiŋla 			later [Sama, cf. ʃam]	adv.
1055	Nubri			tip			to be buried	v.
1056	Nubri	BEHIND	1686	tíŋma			behind	adv.
1057	Nubri	EARLY	672	tok			early	adv.
1058	Nubri			toko			calf (of cow)	n.
1059	Nubri	SPADE	1176	toktse			spade	n.
1060	Nubri	THOUSAND	1843	toŋ			thousand	n.
1061	Nubri			toŋku			rhododendron	n.
1062	Nubri	EMPTY	1624	toŋba			empty	adj.
1063	Nubri			totse			jacket (traditional)	n.
1064	Nubri	SHIRT	1622	totuŋ			shirt	n.
1065	Nubri			topna			much [Lho, cf. aŋsaŋ]	adj.
1066	Nubri			tomnak			much more	adj.
1067	Nubri			tor			to be lost; to lose	v.
1068	Nubri	SOW SEEDS	748	tor			to sow	v.
1069	Nubri			torma			conical cakes made from tsampa that are placed on an alter	n.
1070	Nubri	COW	1007	tolmo			cow	n.
1071	Nubri	HUNGER	1864	towa			hunger	n.
1072	Nubri			tuŋa			shorter	adj.
1073	Nubri	CUT	1432	tup			to cut	v.
1074	Nubri	COVER	761	tum			to cover	v.
1075	Nubri	IN FRONT OF	1883	tø			in front of	post.
1076	Nubri			tøn			to make one come out	v.
1077	Nubri	SHOW	1039	tøn			to show	v.
1078	Nubri			tøntok			crop	n.
1079	Nubri			tøma 			short [Lho, cf. tjãtjã]	adj.
1080	Nubri	ABOVE	1741	tjaŋ			above	adv.
1081	Nubri			tjãtjã 			short [Sama, cf. tøma]	adj.
1082	Nubri	ABOVE	1741	twe			above	adv.
1083	Nubri	ABOVE	1741	twela			above	adv.
1084	Nubri	DO	813	táŋ			to do	v.
1085	Nubri	EDGE	863	thã			edge	n.
1086	Nubri	FAR	1406	thak riŋbu			far	adv.
1087	Nubri			thakor			around (surroundeding)	adv.
1088	Nubri	ROPE	1218	thakpa			rope	n.
1089	Nubri	HARD	1884	thakpo			hard	adj.
1090	Nubri	FLAT	1633	thaŋ			flat	adj.
1091	Nubri			thaŋga			flat land	n.
1092	Nubri			thaŋpo			strong, healthy	adj.
1093	Nubri	FINE (PENALTY)	218	thaŋpo			fine	adj.
1094	Nubri			thaŋlo			how much fine	adj.
1095	Nubri	PINE	1740	thaŋʃiŋ			pine tree	n.
1096	Nubri			thap			oven, hearth	n.
1097	Nubri			thaptʃa			not permanently, only for temporary purpose	adj.
1098	Nubri			thama			finally [Tib.]	adv.
1099	Nubri	ALL	98	thamdze			all	adj.
1100	Nubri			thampani			that much	adj.
1101	Nubri			tharakthorok			scattered here and there	adj.
1102	Nubri			tharke			irregular	adj.
1103	Nubri	CORNER	192	thãla			corner	n.
1104	Nubri	SIDE	682	thala			side	n.
1105	Nubri	DUST	2	thala			dust	n.
1106	Nubri	PLATE	480	thaliŋ			plate	n.
1107	Nubri	PLATE	480	thaliŋ			plate	n.
1108	Nubri			thaldʒa			clapping because of surprise	n.
1109	Nubri			thalmo			putting hands together	n.
1110	Nubri	STRAIGHT	1404	thekaŋ			straight	adj.
1111	Nubri			then			to come out	v.
1112	Nubri	THUMB	1781	thepu			thumb	n.
1113	Nubri			thempa			staircase made of stone	n.
1114	Nubri	LADDER	1464	themba			ladder	n.
1115	Nubri			thik			line (made in paper, or wall)	n.
1116	Nubri	LITTLE FINGER	2774	thik tsima			little finger	n.
1117	Nubri			thikle			dirt collected around vagina or penis	n.
1118	Nubri			thim			submerge	v.
1119	Nubri	WET	1726	thim			to be wet	v.
1120	Nubri			tho			calender	n.
1121	Nubri			tho			to hear [Sama, cf. go]	v.
1122	Nubri	ROOF	769	thok			roof	adj.
1123	Nubri			thok			about	post.
1124	Nubri	ABOVE	1741	thoka			above	adv.
1125	Nubri			thoktse			storey	n.
1126	Nubri	FROM	693	thokni			from	post.
1127	Nubri	QUARREL	1848	thokpa			quarrel	n.
1128	Nubri			thokpa taŋ			to quarrel	v.
1129	Nubri	SEE	1409	thoŋ			to see	v.
1130	Nubri	PLOUGH	1921	thoŋba			plough	n.
1131	Nubri	WIN	866	thop			to win	v.
1132	Nubri	FOREHEAD	123	thopa			forehead	n.
1133	Nubri			thoptaŋ			rights	n.
1134	Nubri			thor			to be separated	v.
1135	Nubri	DAWN	729	thoraŋ			day break	n.
1136	Nubri			thoʃor tshembo			mischivious 	adj.
1137	Nubri			thuk			till, until	post.
1138	Nubri	MEET	1831	thuk			to meet	v.
1139	Nubri			thuktshetshe			thank you (Tib.)	n.
1140	Nubri	NOODLE	973	thukpa			noodle	n.
1141	Nubri	THICK	1244	thukpu			thick	adj.
1142	Nubri	DRINK	1401	thuŋ			to drink	v.
1143	Nubri			thuŋthuŋ			short [Tib]	adj.
1144	Nubri			thuŋsa			pot for drinking	n.
1145	Nubri			thup			to be able	v.
1146	Nubri			thur			iron materials fixed on horse's mouth (to control it)	n.
1147	Nubri			thʏn			to agree, to match	v.
1148	Nubri			thøn			to appear; to come out	v.
1149	Nubri			da			now, then	adv.
1150	Nubri			da			particle (as for)	part.
1151	Nubri	NOW	1376	da			now	adv.
1152	Nubri	LICK	319	da			to lick	v.
1153	Nubri	AND	1577	daŋ			and	conj.
1154	Nubri	YESTERDAY	1174	daŋ			yesterday	adv.
1155	Nubri	DAY BEFORE YESTERDAY	1180	daŋkanu			day before yesterday	adv.
1156	Nubri			daŋbo			long back	adv.
1157	Nubri	FIRST	728	daŋbo			first	num.
1158	Nubri			daŋbo daŋbo			long long ago	adv.
1159	Nubri			daŋʃa			three days back	adv.
1160	Nubri	ORPHAN	1149	daʈuk			orphan	n.
1161	Nubri	NOW	1376	dana			now	adv.
1162	Nubri			danu			recently	adv.
1163	Nubri	NOW	1376	danda			now	adv.
1164	Nubri			dando			till now	adv.
1165	Nubri			dap			to hit with some loud noise	v.
1166	Nubri	MEASURE	1506	dap			to measure	v.
1167	Nubri			dapso			as for now	adv.
1168	Nubri			dampa			a lama with higher position	n.
1169	Nubri	MUD	640	dampa			mud	n.
1170	Nubri			dar			to tremble; to shiver	adv.
1171	Nubri			dar			to sharpen (knife)	v.
1172	Nubri			dar			to cleanse	v.
1173	Nubri	MORE	1992	daroŋ			more	adv.
1174	Nubri			daru			small drum like musical instrument	n.
1175	Nubri	HERE	136	dala			here	adv.
1176	Nubri	HERE	136	dala			here	adv.
1177	Nubri			dalo			this time; this season	n.
1178	Nubri	THIS YEAR	513	dalo			this year	adv.
1179	Nubri	MONTH	1370	dawa			month	n.
1180	Nubri			dawadortse			DhawaDorche (name of a person)	n.
1181	Nubri			dẽ			and then	adv.
1182	Nubri	NOW	1376	dẽ			now	adv.
1183	Nubri			de			particle (isn't it so?)	part.
1184	Nubri	SIT	1416	de			to sit	v.
1185	Nubri	ALL	98	deŋa			all	adj.
1186	Nubri			detsen			Dechen (name of a woman)	n.
1187	Nubri			detsenɖolkar			Dechen Dolkar (name of a male person)	n.
1188	Nubri			den			and then	adv.
1189	Nubri			dene			and then	adv.
1190	Nubri	TRUTH	1638	dempa			truth	n.
1191	Nubri			dela			this direction (towards here)	adv.
1192	Nubri			dehẽ			and then	adv.
1193	Nubri			di			definiteness	gram.
1194	Nubri	THIS	1214	di			this	pron.
1195	Nubri			-di 			SEQ (sequential converb)	gram.
1196	Nubri	FEMALE YAK	2479	dĩu			female yak	n.
1197	Nubri			diki			Dhiki [pn]	n.
1198	Nubri	SIN	2971	dikpa			sin	n.
1199	Nubri	IMMEDIATELY	1963	diŋam			immediately	adv.
1200	Nubri	BOTTOM	690	diŋla			bottom	n.
1201	Nubri			diŋsal			these days	adv.
1202	Nubri			ditsho			they (Tib.)	pron.
1203	Nubri			dita			as for	particle
1204	Nubri			diti			in particular	adv.
1205	Nubri			dini			and then	adv.
1206	Nubri	KEY	1472	dimik			key	n.
1207	Nubri			dija			also	adv.
1208	Nubri	TODAY	1283	diriŋ			today	adv.
1209	Nubri	HERE	136	dila			here	adv.
1210	Nubri			-dila			sequantial converb	gram.
1211	Nubri	STONE	857	do			stone	n.
1212	Nubri	HEAT	612	do			heat	n.
1213	Nubri			do			potato [Sama, cf. hé]	n.
1214	Nubri			dokdʒomkukdʒom			without having enough space	adj.
1215	Nubri			dokto			small ball of something	n.
1216	Nubri	ROUND	1395	dokdok			round	adj.
1217	Nubri	TIGHT	3053	dokpo			tight	adj.
1218	Nubri	UGLY	1548	dokja me			ugly	adj.
1219	Nubri	IN FRONT OF	1883	doŋ			in front of	adv.
1220	Nubri	PROBLEM	2425	doŋal			problem	n.
1221	Nubri			doŋkarmu			a kind of mushroom	n.
1222	Nubri			doŋpane doŋpa			face to face	adv.
1223	Nubri	TREE	906	doŋpo			tree	n.
1224	Nubri	TREE	906	doŋbo			tree	n.
1225	Nubri	IN FRONT OF	1883	doŋla			in front of	adv.
1226	Nubri	ORPHAN	1149	dotse			orphan	n.
1227	Nubri	ANIMAL	619	dondu			animal	n.
1228	Nubri	BEAR	1820	dom			bear	n.
1229	Nubri			doro			after a while	adv.
1230	Nubri			doroŋ			much more	adv.
1231	Nubri			dortse			worship things	n.
1232	Nubri			dortshe			Dorche [PN]	n.
1233	Nubri			dordze			Dorje (name of a male person)	n.
1234	Nubri			dordzegjaldzen			Dorchegyalchen (name of a person)	n.
1235	Nubri			dordzeghjaram			symbol used in Budhdhism	n.
1236	Nubri			dorma			traditional pant	n.
1237	Nubri			dolpo			Dolpo (Dolpa)	n.
1238	Nubri			dòŋma			pot for making Tibetan tea	n.
1239	Nubri			duitsen			great	adj.
1240	Nubri			duk			be verb; copular verb	v.
1241	Nubri			duk			to be worried	v.
1242	Nubri	POISON	655	duk			poison	n.
1243	Nubri	BAD	1292	duka			bad	adj.
1244	Nubri	BAD	1292	duktʃa			bad	adj.
1245	Nubri			dukpu			hardship; suffering	n.
1246	Nubri	WORRY	150	dukra			worry	n.
1247	Nubri			duklo			clothes (Tib.)	n.
1248	Nubri	CLOTHES	1895	duklok			clothes	n.
1249	Nubri			duŋal			trouble	n.
1250	Nubri			duŋma			wood (a kind of )	n.
1251	Nubri			duŋre			thread used in butter lamp	n.
1252	Nubri	LATE	477	dure			later	adv.
1253	Nubri			duru			this side [Sama]	adv.
1254	Nubri			dʏ			to collect	v.
1255	Nubri	TIME	892	dʏ			time	n.
1256	Nubri	TIME	892	dʏtse			time	n.
1257	Nubri	SEVEN	1704	dʏn			seven	num.
1258	Nubri	SEVENTY	1721	dʏntʃu			seventy	num.
1259	Nubri			dʏntʃudungu			seventy nine	num.
1260	Nubri			dʏndzar			offering to god	n.
1261	Nubri			dʏnpa			seventh	num.
1262	Nubri			døre			later [Lho, cf. tiŋla]	adv.
1263	Nubri	HERE	136	dja			here	adv.
1264	Nubri	HERE	136	djala			here	adv.
1265	Nubri			na			also	adv.
1266	Nubri			na			daughter in law; elder brother's wife	n.
1267	Nubri	OR	1014	na			or	conj.
1268	Nubri	BRIDGE	1011	na			bridge	n.
1269	Nubri	MARRIAGE	2432	na			marriage	n.
1270	Nubri			-na			conditional mood	gram.
1271	Nubri			-na			conditional mood	gram.
1272	Nubri	SWEAR	1939	na kjal			to swear	v.
1273	Nubri	PUS	1808	nak			pus	n.
1274	Nubri	DARK	706	nakpo			dark	adj.
1275	Nubri	INSIDE	1606	naŋ			inside	adv.
1276	Nubri	DAY AFTER TOMORROW	1179	naŋ			day after tomorrow	adv.
1277	Nubri			naŋkjaŋ			early morming	adv.
1278	Nubri	INTESTINES	1991	naŋtsi			intestine	n.
1279	Nubri			naŋpa			Buddhist	n.
1280	Nubri			naŋma			towards the middle	adv.
1281	Nubri			naŋmi			family member	n.
1282	Nubri	INSIDE	1606	naŋla			inside	adv.
1283	Nubri			naŋsar			Nangsar (a place in Tibet)	n.
1284	Nubri	YOUNG	1207	natsa sembo			young	n.
1285	Nubri			natʃuŋ			young girl, maiden	n.
1286	Nubri			nadʏ			saying	n.
1287	Nubri	LAST YEAR	514	naniŋ			last year	adv.
1288	Nubri	LAST YEAR	514	naniŋ			last year	adv.
1289	Nubri			nanibu			a kind of worm that sucks animals, particularly from nose	n.
1290	Nubri			nanɖuk			mucuous	n.
1291	Nubri	SICK	1847	napa			sick	adj.
1292	Nubri	RAIN (RAINING)	1253	nam			rain	n.
1293	Nubri	WHEN	1238	nam			when	adv.
1294	Nubri			nam			daybreak	n.
1295	Nubri	RAIN (RAINING)	1253	nam gjap			to rain	v.
1296	Nubri			namɖuk			mucous	n.
1297	Nubri			namɖul			aeroplane	n.
1298	Nubri			namdar			personal biography of (mainly of lama); story (historical)	n.
1299	Nubri			namba			plural marker	gram.
1300	Nubri			namruŋ			Namrung [Place name]	n.
1301	Nubri			namla			Namla (name of a place)	n.
1302	Nubri			namla			Namla [PN]	n.
1303	Nubri			namlaŋ			to fall daybreak	v.
1304	Nubri			namsa			clothes (hon.)	n.
1305	Nubri			namʃe			consciousness	n.
1306	Nubri	ALWAYS	1676	namhina			always	adv.
1307	Nubri			najo			raised part inside vagina	n.
1308	Nubri			nar			scolding	n.
1309	Nubri			narpa			man from Nar	n.
1310	Nubri	MARRIAGE	2432	nalaŋ			marriage	n.
1311	Nubri			nawa			concern	n.
1312	Nubri	EARWAX	32	nawa			earwax	n.
1313	Nubri			naʃon			youth	n.
1314	Nubri			náŋ			to give (Hon.)	v.
1315	Nubri	HOUSE	1252	nàŋ			house	n.
1316	Nubri	DAY AFTER TOMORROW	1179	náŋ			day after tomorrow	adv.
1317	Nubri	RAIN (RAINING)	1253	nám			rain	n.
1318	Nubri			ne			to say [Sama]	v.
1319	Nubri			-ne			ablative case	gram.
1320	Nubri			nei			young yak	n.
1321	Nubri			neu			tip, edge	n.
1322	Nubri	NEWS	2964	netshul			news	n.
1323	Nubri	STORY	2060	nedʏ			story	n.
1324	Nubri			nepal			Nepal	n.
1325	Nubri			nepali			Nepali (Nep.)	n.
1326	Nubri	PRESS	1913	nem			to press	v.
1327	Nubri			neʃimu			a kind of mushroom	n.
1328	Nubri	WHEAT	1077	nè			wheat	n.
1329	Nubri	BARLEY	932	nè			barley	n.
1330	Nubri			ni			also	adv.
1331	Nubri			-ni			ablative case	gram.
1332	Nubri			no			younger brother and daughter	n.
1333	Nubri	THOUGHT	2975	noksam			thought	n.
1334	Nubri			noŋ			to damage; to be damaged; to be spoiled	v.
1335	Nubri	MISTAKE	1293	noɖu			mistake	n.
1336	Nubri	FAULT	134	nonʈhul			fault	n.
1337	Nubri			norbu			Norbu [PN]	n.
1338	Nubri			norbugjaltsen 			NorbuGhyalchen [PN]	n.
1339	Nubri	DESTROY	681	norme			to destroy	v.
1340	Nubri			norme			effect	n.
1341	Nubri			nowa			breast [Sama. cf. dʒu]	n.
1342	Nubri	WEST	1817	nup			west	adj.
1343	Nubri			nubri			Nubri	n.
1344	Nubri	OIL (ORGANIC SUBSTANCE)	1484	num			oil	n.
1345	Nubri	SHARP	1396	numpu			sharp	adj.
1346	Nubri	BLUNT	379	numpu mindu			blunt	adj.
1347	Nubri			nurbu			Nurbu [PN]	n.
1348	Nubri			nurbugjaltsen			Norbugyalchen (name of a male person)	n.
1349	Nubri	THINK	2271	nø			to think	v.
1350	Nubri			njorere			everyday	adv.
1351	Nubri	FATHER	1217	pa			father	n.
1352	Nubri			-pa			nominalizer (a suffix used to derive noun from other categories)	gram.
1353	Nubri			pa gjap			to churn	v.
1354	Nubri			pakne			scabbies	n.
1355	Nubri			paŋke			flower of purple colour	n.
1356	Nubri			paŋkep			cloth worn by women on front part of body	n.
1357	Nubri			paŋdza			Pangja (name of a place)	n.???where located?
1358	Nubri			paŋlep			plank	n.
1359	Nubri			patshap			substitute father	n.
1360	Nubri			pap			to drive down (drive the yaks and other animals from cliff)	v.
1361	Nubri			par			photo	n.
1362	Nubri	BURNING	1428	par			to burn (intr.)	v.
1363	Nubri	BEAM	1132	pal			beam	n.
1364	Nubri			pale			roof (wooden roof)	n.
1365	Nubri	BEAM	1132	palduŋ			beam	n.
1366	Nubri			pasaŋ			Pasang (name of a person)	n.
1367	Nubri	OPEN	1156	pe			open	n.
1368	Nubri	VERY	1311	pe			very	adv.
1369	Nubri			pe			example	n.
1370	Nubri			pe			incent	n.
1371	Nubri	SEPARATE	1359	pe			to separate	v.
1372	Nubri			pe			to open (intr.tran.)	v.
1373	Nubri			petsa			book (Hon.)	n.
1374	Nubri			peptʃak			wooden fence	n.
1375	Nubri			pemasi			very (Tib.)	adv.
1376	Nubri			pemba			Saturday, name of a male person	n.
1377	Nubri			peri gompa			Peri gompa [PN]	n.
1378	Nubri	RELATIVES	1644	piŋkja			relative	n.
1379	Nubri			pima			owned by more than two people	adj.
1380	Nubri			-po			classifier	gram.
1381	Nubri			portsok			Porchok (name of a person)	n.
1382	Nubri			pola			outer layer of corn spadix	n.
1383	Nubri			pu			hair (of body)	n.
1384	Nubri			puk			to fix a tent	v.
1385	Nubri	SHOULDER	1482	puŋba			shoulder	n.
1386	Nubri	PUSH	1452	pul			push	n.
1387	Nubri			pul			to offer	v.
1388	Nubri			pʏ			to go [Lho]	v.
1389	Nubri	RELATIVES	1644	pʏn			relative	n.
1390	Nubri	PARENTS	505	phã			parents	n.
1391	Nubri			pha			that side, thither [Lho, cf. phu]	adv.
1392	Nubri	PIGLET	2564	phakʈuk			piglet	n.
1393	Nubri	PIG	1337	phakpa			pig	n.
1394	Nubri	PARENTS	505	phãkja			parents	n.
1395	Nubri			phatse			approximately	adv.
1396	Nubri	NOW	1376	phatse			now	adv.
1397	Nubri			phatsu			witch doctor	n.
1398	Nubri			phane manja			worthless thing	n.
1399	Nubri			phanemane			to be helpless	v.
1400	Nubri			pham			to lose a game	v.
1401	Nubri	PARENTS	505	phama			parents	n.
1402	Nubri			phamtʃuk			to defeat	v.
1403	Nubri	RELIGION	661	phajun			religion	n.
1404	Nubri	WOLF	522	phara			wolf	n.
1405	Nubri	AGAIN	204	phalam			again	adv.
1406	Nubri			phaldze			around	adv.
1407	Nubri	HALF	816	phe			half	adj.
1408	Nubri			phe			flour [Tib., cf. tsampa]	n.
1409	Nubri	HALF	816	pheka			half	adj.
1410	Nubri	OUTSIDE	762	pheta			outside	adv.
1411	Nubri	OUTSIDE	762	phetala			outside	adv.
1412	Nubri	BENEFIT	2929	phentho			benefit	n.
1413	Nubri			phenthok			to be useful	v.
1414	Nubri			phep			to go (Hon.)	v.
1415	Nubri			phĩ			to go (PST)	v.
1416	Nubri			phike			on back side	adv.
1417	Nubri			phin			go [Sama]	v.
1418	Nubri			phinaŋ			inside out (clothes)	adj.
1419	Nubri			phindzar			person who farts much	n.
1420	Nubri	FART	1159	phindi			to fart	v.
1421	Nubri	RELATIVES	1644	phima			relative	n.
1422	Nubri	FLY (MOVE THROUGH AIR)	1441	phir			to fly	v.
1423	Nubri			phirtsu			to make fly	v.
1424	Nubri	OUTSIDE	762	phila			outside	adv.
1425	Nubri	AGAIN	204	philam			again	adv.
1426	Nubri	BUTTERFLY	1791	philep			butterfly	n.
1427	Nubri			philo			reverse, contrary	adj.
1428	Nubri			phok			to be hit by something hard (such as stone)	v.
1429	Nubri			phoŋar			a kind of mushroom	n.
1430	Nubri			phon			telephone (Eng.)	n.
1431	Nubri			phoso tshumbu			looking handsome (male)	adj.
1432	Nubri			phu			that side, thither [Lho, cf. pha]	adv.
1433	Nubri			phu			cave [Lho, cf. phuku]	n.
1434	Nubri			phuku			cave [Sama, cf. phu]	n.
1435	Nubri	ALL	98	phuknak			all	adj.
1436	Nubri			phuta			there [Sama, cf. oda]	adv.
1437	Nubri			phul			to offer to monk	v.
1438	Nubri	SLEEVE	2953	phuluŋ			sleeve	n.
1439	Nubri			phʏ			liquor (hon)	n.
1440	Nubri			bã			grain storage container	n.
1441	Nubri			-ba			ordinal numeral marker	gram.
1442	Nubri			baudhdhə			Bodhdha	n.
1443	Nubri			baktʃa			belief that if you do good in this life, you will have easy life in later life	n.
1444	Nubri			bakta			big injury or wound	n.
1445	Nubri			baŋ			to make wet	v.
1446	Nubri			batsi			beaten rice	n.
1447	Nubri	LAMP	625	bati			lamp	n.
1448	Nubri			bap			to come down	v.
1449	Nubri	FALL	1280	bap gjal			to fall	v.
1450	Nubri	COURAGE	3049	bap tsheraŋ			courage	n.
1451	Nubri			bababap			pressed	adj.
1452	Nubri	FOG	249	bamo			mist	n.
1453	Nubri			bajul			Kathmandu [PN]	n.
1454	Nubri	BURN	2102	bar			to burn	v.
1455	Nubri	RICH	712	baro			rich	adj.
1456	Nubri			bardo			intermediary realm after death	n.
1457	Nubri	BETWEEN	689	balak			between	adv.
1458	Nubri			balaŋ			cow [Lho, cf. temo]	n.
1459	Nubri			be			particle (unexpectedly)	part.
1460	Nubri			be			throughout	adv.
1461	Nubri	DITCH	2002	bekuŋ			ditch	n.
1462	Nubri			beŋk			bank (Eng.)	n.
1463	Nubri			bejul			hidden valley	n.
1464	Nubri			beraŋ			totally	adv.
1465	Nubri	ALWAYS	1676	beraŋni			always	adv.
1466	Nubri			biŋ			to submerge	v.
1467	Nubri			boudda			Boudhdha (place in Kathmandu)	n.
1468	Nubri	BOTTLE	1321	bodal			bottle	n.
1469	Nubri			bora			sack (Nep.)	n.
1470	Nubri			bolon			loan	n.
1471	Nubri	SON	1620	bu			son	n.
1472	Nubri	INSECT	620	bu			insect	n.
1473	Nubri			bu			to go [Lho]	v.
1474	Nubri			bu			brother; brother in law; boy	n.
1475	Nubri	INSIDE	1606	bukla			inside	adj.
1476	Nubri	DONKEY	1862	buŋgu			donkey	n.
1477	Nubri			butsab			substitute son	n.
1478	Nubri			bubhõ			son and daughter	n.
1479	Nubri			burol			placenta	n.
1480	Nubri			buluk			bulb (of electricity)	n.
1481	Nubri			buʃu			hollow pipe like bamboo stick	n.
1482	Nubri			bø			to be spilled	v.
1483	Nubri			bhaŋde			hole in the wall to place something	n.
1484	Nubri			bhaʈʈa			pot for changing the water during its preparation	n.
1485	Nubri			bhandzaŋ			Bhanjhang  village [PN]	n.
1486	Nubri	FALL	1280	bhap			to fall	v.
1487	Nubri			bhar			place in between	n.
1488	Nubri			bharke			between [Lho, cf. kuŋ]	adv. 
1489	Nubri	HELL	878	bharku			hell	n.
1490	Nubri			bhartʃhe			plenatary influence	n.
1491	Nubri	BEFORE	1882	bhartu			till	post.
1492	Nubri	BETWEEN	689	bhala			between	adv.
1493	Nubri	SOMETIMES	1544	bhalak bhalak			sometimes	adv.
1494	Nubri	SOMETIMES	1544	bhalaksa			sometimes	adv.
1495	Nubri	COW	1007	bhalaŋ			cow	n.
1496	Nubri	BREAD	1368	bhale			bread	n.
1497	Nubri	FROG	503	bhalba			frog	n.
1498	Nubri			bhahjul			Kathmandu (capital city of Nepal)	n.
1499	Nubri			bhe			to split; to open	v.
1500	Nubri	HIDE (CONCEAL)	602	bhe			to hide	v.
1501	Nubri			bheka			interest (of money)	n.
1502	Nubri	CHILD	2099	bhetsa			child	n.
1503	Nubri			bhetsaguru			a hymn	n.
1504	Nubri			bhetsaguru			Bhechaguru hymn	n.
1505	Nubri			bhetsabheʈuk			grand child	n.
1506	Nubri	CHILD	2099	bhedzabhiʈuk			children	n.
1507	Nubri			bhedeli			getting support for always	n.
1508	Nubri	WIFE	1199	bheme			wife	n.
1509	Nubri	WALKING STICK	1296	bherka			walking stick	n.
1510	Nubri			bhi			Bhi village [PN]	n.
1511	Nubri	DAUGHTER	1357	bhõ			daughter	n.
1512	Nubri			bhõ amtso			mushroom like a girl's ear	n.
1513	Nubri			bhortom			total	adj.
1514	Nubri			bholen			loan	n.
1515	Nubri	PIMPLE	1809	bhuru			pimple	n.
1516	Nubri			bhulen			loan	n.
1517	Nubri			bhuʃu			hollow bamboo piece used to light fire	n.
1518	Nubri			bhʏ			to light fire	v.
1519	Nubri			bhø			Tibet	n.
1520	Nubri			bhøtho			Tibetan calender	n.
1521	Nubri			bhøpa			Tibetan	n.
1522	Nubri			ma			particle (is it?)	part.
1523	Nubri	DOWN OR BELOW	2094	ma			below	adv.
1524	Nubri			makpa			son in law	n.
1525	Nubri			makpa			son in  law	n.
1526	Nubri			magen			elderly woman	n.
1527	Nubri			magen			aged woman	n.
1528	Nubri			maŋtshe			majority	adj.
1529	Nubri	HOW MUCH	531	maŋpo			much	adj.
1530	Nubri			maŋlø			how much [Nubri, cf. maŋlø]	adj.
1531	Nubri			matshap			substitute mother	n.
1532	Nubri			maʈik			not matching; not agreeing	adj.
1533	Nubri	ONLY	1580	mato			only	adv.
1534	Nubri	ONLY	1580	matok			only	adv.
1535	Nubri			mane			prayer wheel	n.
1536	Nubri			mane			hymn (mani)	n.
1537	Nubri			mane			Mane worship	n.
1538	Nubri	SCAR	497	mandʒe			scar	n.
1539	Nubri			manɖal			a kind of worship done at home	n.
1540	Nubri			ma:r			ghee	n.
1541	Nubri	DOWN OR BELOW	2094	mar			below	adv.
1542	Nubri	NEVER	1656	maraŋ			never	adv.
1543	Nubri	ALL	98	maraŋne			all	adj.
1544	Nubri			maru			towards below	adv.
1545	Nubri	RED	156	marpo			red	adj.
1546	Nubri	DOWN OR BELOW	2094	mala			below	adv.
1547	Nubri	CHIN	1510	male			chin	n.
1548	Nubri	IF	1459	masi			if	conj.
1549	Nubri			má			maize; corn	n.
1550	Nubri	GRANDFATHER	1383	me			grandfather	n.
1551	Nubri	DOWN OR BELOW	2094	me			below	adv.
1552	Nubri			me-			negative marker	gram.
1553	Nubri	BURN	2102	me taŋ			to burn	v.
1554	Nubri	POOR	1674	meken			poor	adj.
1555	Nubri	SPOIL (SOMEBODY OR SOMETHING)	92	meŋen			to spoil	v.
1556	Nubri	MEDICINE	1372	men			medicine	n.
1557	Nubri			menda			family members	n.
1558	Nubri	GUN	1566	menda			gun	n.
1559	Nubri	BRIGHT	679	menda karpo			bright	adj.
1560	Nubri	FLOWER	239	mendo			flower	n.
1561	Nubri	FAMILY	194	meme			family	n.
1562	Nubri	WORK (LABOUR)	984	melak			labour	n.
1563	Nubri			melak			labour exchange	n.
1564	Nubri	MAN	1554	mi			man	n.
1565	Nubri	NOT	1240	mi-			negative	gram.
1566	Nubri	EYE	1248	mik			eye	n.
1567	Nubri	TEAR (SHRED)	1735	miktʃhu			tear	n.
1568	Nubri	MAGIC	392	mikʈhul			magic	n.
1569	Nubri	EYEBROW	1173	mikpu			eyebrow	n.
1570	Nubri			mikʃel			eyeglass	n.
1571	Nubri			mikhjok			slant (eye)	adj.
1572	Nubri	SWALLOW	897	mig			to swallow	v.
1573	Nubri	NAME	1405	miŋ			name	n.
1574	Nubri	NAME	1405	miŋla			name	n.
1575	Nubri	LIFE	210	mitshe			life	n.
1576	Nubri			midzaŋ			people who dwell under the same roof	n.
1577	Nubri			mindu			negative copula	v.
1578	Nubri			minduk			negative copular verb	v.
1579	Nubri	DREAM	2374	milam			dream	n.
1580	Nubri	SHE	1834	mo			she	pron.
1581	Nubri	CURSE	8	mo tap			to curse	v.
1582	Nubri			motso tshumbu			looking handsome (female)	adj.
1583	Nubri	MOTOR	110	moʈor			motor	n.
1584	Nubri			momo			dumpling (momo)	n.
1585	Nubri			moral			place for father to live (in the house)	n.
1586	Nubri			molam			worship; wish	n.
1587	Nubri	DOWN OR BELOW	2094	mu			below	adv.
1588	Nubri	PUBIC HAIR	36	muktsi			pubic hair	n.
1589	Nubri	CLOUD	1489	mukpa			cloud	n.
1590	Nubri	DARK	706	mukpo			dark	adj.
1591	Nubri	DOWN OR BELOW	2094	muda			below	adv.
1592	Nubri			mur			to massage	v.
1593	Nubri			mula 			with [Lho, cf. ɲumpu]	post.
1594	Nubri	MOLE	1907	mja			mole	n.
1595	Nubri	WOUND	1109	má			wound	n.
1596	Nubri			mé			be.NEG	v.
1597	Nubri	FIRE	221	mé			fire	n.
1598	Nubri	GRANDFATHER	1383	mè			grandfather	n.
1599	Nubri			ja			also	part.
1600	Nubri	AGAIN	204	jaŋ			again	adv.
1601	Nubri			japsa			porch [Lho, cf. japsi]	n.
1602	Nubri			japsi			porch [Sama, cf. Japsa]	n.
1603	Nubri			jar			to use (borrowed things)	v.
1604	Nubri	BORROW	1823	jar			to borrow	v.
1605	Nubri	SUMMER	1342	jarka			summer	n.
1606	Nubri	GOOD	1035	jàkpo			good	adj.
1607	Nubri			jolok			yard [Lho, cf. ghorom]	n.
1608	Nubri	SHAKE	1909	juk			to shake	v.
1609	Nubri	LEAVE	1752	juk			to leave	v.
1610	Nubri	THROW	1456	juk			to throw	v.
1611	Nubri			jøsoŋ			Josong (place name in Lho)	n.
1612	Nubri			rã			place where animals are tied	n.
1613	Nubri	SOME	1241	ra			some	adj.
1614	Nubri			ra			particle (emphasis)	part.
1615	Nubri	GOAT	1502	ra			goat	n.
1616	Nubri			ra			the bottom floor of house	n.
1617	Nubri			ra			animal shed (on the bottom floor)	n.
1618	Nubri			-ra			plural marker	gram.
1619	Nubri			ra khokhok			curly hair	n.
1620	Nubri	GET	694	rak			to get	v.
1621	Nubri			rak			a kind of bird (patriage)	n.
1622	Nubri			rakpa			rope or band supporting the load carried ont the back	n.
1623	Nubri	SELF	1993	raŋ			self	pron.
1624	Nubri	OWN	684	raŋ			own	adj.
1625	Nubri			raŋaroŋe			road with ditches	n.
1626	Nubri			raŋkaruŋke			unsystematic	adj.
1627	Nubri			raŋdø			selfish	adj.
1628	Nubri			raŋsa			very place	n.
1629	Nubri			raŋsa			same as before	adv.
1630	Nubri			raná			Dyang village [PN]	n.
1631	Nubri			rap			thread strap worn aroun horse's mouth (to make it easy to ride it)	n.
1632	Nubri			rapne			inauguration	n.
1633	Nubri			ral			to tear (intra.)	v.
1634	Nubri			re			copula verb	v.
1635	Nubri	CLOTHES	1895	re			clothes	n.
1636	Nubri			reka			out of home; forest	adv.
1637	Nubri	HILL	614	reka			hill	n.
1638	Nubri	FOREST	420	reka			forest	n.
1639	Nubri	CAT	1208	reka simtsen			wild	adj.
1640	Nubri			reŋka			some [Lho, cf. hjulu]	adj.
1641	Nubri	LAZY	1564	repa			lazy	n.
1642	Nubri	ALONE	1964	remi			alone	adv.
1643	Nubri			rere			one at a time	num.
1644	Nubri			rel			cord for tethering beasts	n.
1645	Nubri	SOME	1241	reli			some	adj.
1646	Nubri			reli			cord for tethering beasts	n.
1647	Nubri			rewa 			staircase (Sama, cf. ʈewa)	n.
1648	Nubri	ASK (REQUEST)	1828	rewa sui			request	n.
1649	Nubri			riu			young goat	n.
1650	Nubri	MIND	1562	rikpa			mind	n.
1651	Nubri			riksuŋ			tradition	n.
1652	Nubri	SOME	1241	riŋke			some	pron.
1653	Nubri			riŋga			some [Lho, cf. hjulu]	adj.
1654	Nubri	LONG	1203	riŋbo			long	adj.
1655	Nubri	LONG	1203	riŋbu			long	adj.
1656	Nubri	SNEEZE	1621	ripa			to sneeze	v.
1657	Nubri			ripum			Ripum (gompa)	n.
1658	Nubri	RABBIT	1136	ribuŋ			rabbit	n.
1659	Nubri			ribuŋ gompa			Ribung gompa [PN]	n.
1660	Nubri			rimaŋ			dung of sheep, goat	n.
1661	Nubri	PICTURE	2401	rimu			picture	n.
1662	Nubri			rimburtshe			Rimborche	n.
1663	Nubri	FRIEND	1325	ro			friend	n.
1664	Nubri	ALONE	1964	roeme			alone	adj.
1665	Nubri			rokpa			friend (Tib.)	n.
1666	Nubri	FRIEND	1325	rokpa			friend	n.
1667	Nubri	HELP	1897	rokram			help	n.
1668	Nubri			roŋ			low land	n.
1669	Nubri			roŋ			low land (from Nubri)	n.
1670	Nubri			roŋba			man.from.Kathmandu	n.
1671	Nubri			roŋba			man from low land	n.
1672	Nubri	ALONE	1964	rome			alone	adj.
1673	Nubri	ALONE	1964	rome			alone	adv.
1674	Nubri			rorku			sixty nine	num.
1675	Nubri	CORPSE	767	ró			corpse	n.
1676	Nubri			rui			baby goat, young goat	n.
1677	Nubri			rui			Rui village [PN]	n.
1678	Nubri			rup			work done by getting help from others	n.
1679	Nubri			ruppa			a kind of green leave found in the forest used as vegetable	n.
1680	Nubri			rʏ			Rui village (in Tibet)	n.
1681	Nubri			rʏ			landslide	n.
1682	Nubri			rø			Sama village	n.
1683	Nubri			rø			Sama village [PN]	n.
1684	Nubri			røma			a kind of drum	n.
1685	Nubri	ONLY	1580	røme			only	adv.
1686	Nubri			rja			particle (Q)	part.
1687	Nubri	HAIR	1040	r̥a			hair	n.
1688	Nubri	SWELL	1573	r̥aŋ			to swell	v.
1689	Nubri	HARD	1884	r̥ande			hard	adj.
1690	Nubri	SMALL	1246	r̥ar̥i			little	adj.
1691	Nubri			r̥alam			partition (area that has partition) on the head	n.
1692	Nubri	PRINCE (RULER)	2554	r̥eu			prince	n.
1693	Nubri			r̥endi			tough, strong and flexible	adj.
1694	Nubri			r̥i			for some time	adv.
1695	Nubri	MORE	1992	r̥i			more	adv.
1696	Nubri			r̥i			maize grain	n.
1697	Nubri			r̥i			during; for a while	adv.
1698	Nubri	SOME	1241	r̥iŋke			some	pron.
1699	Nubri	SMALL	1246	r̥itʃik			little	adj.
1700	Nubri	HOW LONG	2338	r̥inloe			how long	adv.
1701	Nubri			r̥il			to turn upside down	v.
1702	Nubri			r̥il			to roll down	v.
1703	Nubri	AMULET	2804	r̥õ			amulet	n.
1704	Nubri			r̥o			egg of the louse	n.
1705	Nubri			r̥o			to heat (tran.)	v.
1706	Nubri	BE ANGRY	2223	r̥olaŋ			to be angry	v.
1707	Nubri			r̥olaŋtsu			to make angry	v.
1708	Nubri	TOGETHER	2482	r̥uk			together	post.
1709	Nubri			r̥ukdze			to gather (intr.)	v.
1710	Nubri			r̥uktaŋ			to gather (tran.)	v.
1711	Nubri			r̥uŋ			mother's elder sister	n.
1712	Nubri			r̥ul			to decay	v.
1713	Nubri			r̥tshula			little this side (near)	adv.
1714	Nubri	AMULET	2804	r̥wã			amulet	n.
1715	Nubri			lã			monk	n.
1716	Nubri	YES	1268	la			yes	excl.
1717	Nubri	FEAR (FRIGHT)	781	la			fear	n.
1718	Nubri			-la			locative case; dative case; objective case	gram.
1719	Nubri			lain			line (Eng.)	n.
1720	Nubri			lau			labour exchange [Sama, cf. lahjo]	n.
1721	Nubri	FAST	1631	lau			quickly	adv.
1722	Nubri	REMAIN	987	lak			to remain	v.
1723	Nubri			lakor			grinding stone	n.
1724	Nubri			lakor			grinding stone	n.
1725	Nubri	HAND	1277	lakpa			hand	n.
1726	Nubri			lakpa			Lakpa	n.
1727	Nubri			lakpadiki			Lakpa Dhiki	n.
1728	Nubri			lakma			remaining	adj.
1729	Nubri			laŋ			to occur	v.
1730	Nubri	RISE (MOVE UPWARDS)	568	laŋ			to rise	v.
1731	Nubri			laŋ			to erect (penis)	v.
1732	Nubri			laŋtsu			to make stand	v.
1733	Nubri			laŋdaŋ			one side	n.
1734	Nubri	ELEPHANT	1290	laŋpotshe			elephant	n.
1735	Nubri	OX	1169	laŋbo			ox	n.
1736	Nubri			laŋma			remaining	adj.
1737	Nubri			laŋma ʃoŋ			mushroom of tree	n.
1738	Nubri	RAFTER	829	ladza			rafter	n.
1739	Nubri			latok			situated (located) on the top	adj.
1740	Nubri	SAY	1458	lap			to say	v.
1741	Nubri	SPEAK	1623	lap			to speak	v.
1742	Nubri	BRAIN	1583	lapa			brain	n.
1743	Nubri			lapraŋ			Lapran (a person's name)	n.
1744	Nubri			lapsaŋ			a kind of worship done at home	n.
1745	Nubri	ROAD	667	lam			road	n.
1746	Nubri			lama			monk	n.
1747	Nubri	ROAD	667	lamkja			road	n.
1748	Nubri			lamsaŋ			immediately; immediately after	adv.
1749	Nubri			lalok			to turn upside down	v.
1750	Nubri	ABOVE	1741	lawa			above	adv.
1751	Nubri			lawa			a kind of flute played at gompa	n.
1752	Nubri			laso			okay	gram.
1753	Nubri	THIGH	800	laʃa			thigh	n.
1754	Nubri			lahjo			labour exchanage [Lho, cf. lau]	n.
1755	Nubri			lá			consciousness (fear)	n.
1756	Nubri			lá			wage	n.
1757	Nubri			lá			musk-deer	n.
1758	Nubri			lá			presence of mind; spirit	n.
1759	Nubri	TAKE	1749	láŋ			to take	v.
1760	Nubri	STAND	1442	láŋ			to stand	v.
1761	Nubri			láŋ			a kind of tree	n.
1762	Nubri	TEACH	709	láp			to teach	v.
1763	Nubri	ABOVE	1741	lála			above	adv.
1764	Nubri			le			plait of girls	n.
1765	Nubri			le			leziness	n.
1766	Nubri	LEAVE	1752	le			to leave	v.
1767	Nubri			-le			comparative degree	gram.
1768	Nubri	LAZY	1564	le malambo			lazy	adj.
1769	Nubri	GOOD	1035	lea			better	adj.
1770	Nubri	BEAUTIFUL	1427	leu			beautiful	adj.
1771	Nubri	WORK (LABOUR)	984	leka			work	n.
1772	Nubri	GHOST	1175	lenɖe			ghost	n.
1773	Nubri			lep			to reach; to arrive	v.
1774	Nubri	COME	1446	lep			to come	v.
1775	Nubri	BEAUTIFUL	1427	lepu			beautiful	adj.
1776	Nubri	DUMB	1492	lemba			dumb	adj.
1777	Nubri			leru			Leru (place in Tibet)	n.
1778	Nubri			lerudordze			Leru Dorje (a person's name)	n.
1779	Nubri			leʃo			most beautiful	adj.
1780	Nubri			li			Li village	n.
1781	Nubri	PENIS	1222	likpa			penis	n.
1782	Nubri	PUBIC HAIR	36	likpu			pubic hair	n.
1783	Nubri			liŋ			place (certain area)	n.
1784	Nubri			liŋ			partition of the hair (on head)	n.
1785	Nubri			liŋdiŋ			other side	adv.
1786	Nubri	FLUTE	777	liŋpu			flute	n.
1787	Nubri			liŋʃan			bell (fixed on the neck of horse)	n.
1788	Nubri			limi			Limi (place in Lho)	n.
1789	Nubri			lo			year; age	n.
1790	Nubri	READ	724	lo			to read	v.
1791	Nubri			lo			Lho village	n.
1792	Nubri			lo			hearsay particle	part.
1793	Nubri	COUGH	879	lo khol			to cough	v.
1794	Nubri	COME BACK	581	lok			to return	v.
1795	Nubri	FALL	1280	lok			to fall down	v.
1796	Nubri			lok			lamp; holy threads used to burn	n.
1797	Nubri	TURN	1588	lok			to turn	v.
1798	Nubri	DEPEND	756	lokal			to depend	v.
1799	Nubri			lokaldi			support	n.
1800	Nubri			loko			courageous	adj.
1801	Nubri	COME BACK	581	lokɖok			to return	v.
1802	Nubri	LIGHTNING	1654	lokmar			lightening	n.
1803	Nubri			loŋ			leisure	n.
1804	Nubri			lopa			Lho villager	n.
1805	Nubri	STUDY	1929	loptsuŋ			study	n.
1806	Nubri	SCHOOL	673	lopʈa			school	n.
1807	Nubri	LEAF	628	loma			leaf	n.
1808	Nubri			lorkju			history	n.
1809	Nubri	COURAGE	3049	lorkho			courage	n.
1810	Nubri	SONG	1096	lu			song	n.
1811	Nubri	FALL	1280	luk			to fall down	v.
1812	Nubri			luŋ			wind (Tib.)	n.
1813	Nubri	VILLAGE	930	luŋpa			village	n.
1814	Nubri	STREAM	947	luŋba			stream	n.
1815	Nubri			luŋba			small canal-like channel after ploughing	n.
1816	Nubri			lú			snake god	n.
1817	Nubri			lùk			to pour; to add	v.
1818	Nubri			lʏ			manure (animal dung)	n.
1819	Nubri	HAPPEN	248	ljau			to happen	v.
1820	Nubri	BEAUTIFUL	1427	lépo			beautiful	adj.
1821	Nubri			l̥a			goddess	n.
1822	Nubri			l̥ak			remaining	adj.
1823	Nubri	SPIRIT	53	l̥akdok			spirit	n.
1824	Nubri			l̥adokgudo			spirit of mind	n.
1825	Nubri			l̥adokgudok			consciousness	n.
1826	Nubri			l̥asa			Lhasa	n.
1827	Nubri			l̥aʃol			offering to the deities	n.
1828	Nubri			l̥e			animal shed	n.
1829	Nubri	PIECE	594	l̥ep			piece	n.
1830	Nubri	PLAIT	333	l̥ema			plait	n.
1831	Nubri	SOUTH	1595	l̥o			south	n.
1832	Nubri	LOOSE	2506	l̥opl̥op			loose	adj.
1833	Nubri	CALM	258	l̥ol̥o			calm	adj.
1834	Nubri			l̥ø			relaxed	adj.
1835	Nubri	DOWN OR BELOW	2094	wa			below	adv.
1836	Nubri			wa			to uproot	v.
1837	Nubri			-wa			ordinal numeral suffix	gram.
1838	Nubri	DOWN OR BELOW	2094	wak			below	adv.
1839	Nubri			wak			from down	adv.
1840	Nubri	DOWN OR BELOW	2094	wakla			below	adv.
1841	Nubri			wakhaŋ			ground floor	n.
1842	Nubri			waŋ			sanctified food	n.
1843	Nubri			waŋboʃor			handicapped person because of old age, or sickness	n.
1844	Nubri			wasula			below (towards below)	adv.
1845	Nubri			we			particle (question)	part.
1846	Nubri			sa			like this	adj.
1847	Nubri	WORLD	965	sa			earth	n.
1848	Nubri	EARN	733	sa			to earn	v.
1849	Nubri			sa			day (of week)	n.
1850	Nubri			sa			to go [Sama]	v.
1851	Nubri			-sa			nominalizer	gram.
1852	Nubri			-sa			nominalizer 	gram.
1853	Nubri			sakar			planet	n.
1854	Nubri			sakar			date (for any auspicious things)	n.
1855	Nubri			sakpa sa			to tease (intr., tran.)	v.
1856	Nubri			saŋ			brass	n.
1857	Nubri	SECRET	1121	saŋ			secret	adj.
1858	Nubri			saŋasiŋi			confusion	n.
1859	Nubri			saŋke			Budhdha	n.
1860	Nubri			saŋge			name of a male person	n.
1861	Nubri			saŋgol			going around during worship	n.
1862	Nubri	EARTHQUAKE	6	saŋgul			earthquake	n.
1863	Nubri			saŋbo			gentleman	n.
1864	Nubri			saŋsiŋ			disorder	n.
1865	Nubri	PLACE (POSITION)	723	satsa			place	n.
1866	Nubri	FEED	739	satsuk			to feed	v.
1867	Nubri	PLACE (POSITION)	723	satʃa			place	n.
1868	Nubri			saɲil			landslide	n.
1869	Nubri			sataktawatshe			an imaginary animal	n.
1870	Nubri			sataktowpotʃhe			king of land	n.
1871	Nubri	SMALL	1246	sataksatuk			little	adj.
1872	Nubri			satuk bu			insect found in nettle	n.
1873	Nubri			sanum			kerosene	n.
1874	Nubri	FOOD	256	saptuŋ			food	n.
1875	Nubri			sabu			a kind of insect	n.
1876	Nubri	REMEMBER	707	sam			to remember	v.
1877	Nubri			sam			to consider;  to think	v.
1878	Nubri	BRIDGE	1011	sampa			bridge	n.
1879	Nubri			samba			bridge, traditional bridge with flat wooden log	n.
1880	Nubri	THINK	2271	samlo taŋ			to think	v.
1881	Nubri	EARTHQUAKE	6	sajom			earthquake	n.
1882	Nubri			sarkjaŋ			very new	adj.
1883	Nubri	NEW	1231	sarpa			new	adj.
1884	Nubri	LAME	320	sale			lame	adj.
1885	Nubri	CLEAR	989	salpo			clear	adj.
1886	Nubri			sà			to torn	v.
1887	Nubri	SPEAK	1623	se			to speak	v.
1888	Nubri	KNOW (SOMETHING)	1410	se			to know	v.
1889	Nubri	KILL	1417	se			to kill	v.
1890	Nubri			se ge			to split the land	v.
1891	Nubri	STRONG	785	se tshumbo			strong	adj.
1892	Nubri			seʈa			college of lama	n.
1893	Nubri			seʈa			a level of lama's training and education	n.
1894	Nubri	MANY	1198	setak			many	adj.
1895	Nubri			setaŋ			aged couple	n.
1896	Nubri			sethal			plate (Hon.)	n.
1897	Nubri			sen			lest	conj.
1898	Nubri			sen			lest	conj.
1899	Nubri	GREEDY	2018	senʈe			greedy	adj.
1900	Nubri			senʈepa			miser	adj.
1901	Nubri	SOUL	811	sem			soul	n.
1902	Nubri	ANXIETY	1000	sema			anxiety	n.
1903	Nubri	OTHER	197	semen			other	pron.
1904	Nubri			semuk			momo (Hon.)	n.
1905	Nubri	ANIMAL	619	semtsen			animal	n.
1906	Nubri			semtso			opinion	n.
1907	Nubri	ANXIETY	1000	semʈhel			anxiety	n.
1908	Nubri	YOUNG	1207	sempo			young	adj.
1909	Nubri	THOUGHT	2975	semlo			thought	n.
1910	Nubri			sejun			knowledge	n.
1911	Nubri			ser thiŋ thiŋ			very yellow	adj.
1912	Nubri			sera			hailstone	n.
1913	Nubri			seraŋ			Serang (Serang gompa)	n.
1914	Nubri			seraŋ			serang gompa	adj.
1915	Nubri	DITCH	2002	serka			ditch	n.
1916	Nubri			sertop			apex; pinacle of temple	n.
1917	Nubri	YELLOW	1424	serpo			yellow	adj.
1918	Nubri	NAIL (TOOL)	502	sermo			nail	n.
1919	Nubri			selak			food (Hon.)	n.
1920	Nubri			sé			to comb	v.
1921	Nubri			sè			third day (third day in future)	n.
1922	Nubri			sèn			otherwise	conj.
1923	Nubri			sèn			traditional porridge	n.
1924	Nubri			si			to look (Hon.)	v.
1925	Nubri			sitsin			Sichin (name of gompa)	n.
1926	Nubri			sinum			three days back	adv.
1927	Nubri			sipsip			in small grains	adj.
1928	Nubri			sim			to sleep (Hon.)	v.
1929	Nubri			sim			sleep (Hon.)	n.
1930	Nubri	TASTY	1813	simbo			delicious	adj.
1931	Nubri	TIGER	846	sìk			tiger	n.
1932	Nubri			so			to prepare	v.
1933	Nubri			so			So village	n.
1934	Nubri			sokpa			wings; feather	n.
1935	Nubri			sokpa			nostrill	n.
1936	Nubri	GO	695	soŋ			to go	v.
1937	Nubri	GO	695	soŋ			went	v.
1938	Nubri			sode			luck	n.
1939	Nubri			sode tʃhembo			lucky	adj.
1940	Nubri			sode medi			unfortunate	adj.
1941	Nubri			soldʒa			tea (Hon)	n.
1942	Nubri			solʈum			meat (Hon.)	n.
1943	Nubri			solɖe			rice (Hon.)	n.
1944	Nubri			solɖʏn			food (Hon.)	n.
1945	Nubri			soltur			spoon (Hon.)	n.
1946	Nubri	MEDICINE	1372	solmen			medicine	n.
1947	Nubri			sowa			prayer	n.
1948	Nubri	SICKLE	341	sòra			sickle	n.
1949	Nubri			su			around	adv.
1950	Nubri	WHO	1235	su			who	pron.
1951	Nubri			suk			to sit (Hon.)	v.
1952	Nubri			suku			leaf of books	n.
1953	Nubri			suktshe			majority	adj.
1954	Nubri			sukpo			body (Tib.)	n.
1955	Nubri			suksøla 			finally [Lho, cf. tiŋsø]	adv.
1956	Nubri			suŋ			to speak (Hon.)	v.
1957	Nubri			suŋ			to say (Hon.)	v.
1958	Nubri	TELL	1711	suŋ			to tell	v.
1959	Nubri			suŋke			speech (Hon.)	n.
1960	Nubri	BODY	1480	supu			body	n.
1961	Nubri	PREGNANT	1123	supu mathaŋ			pregnant	adj.
1962	Nubri	THREE	492	sum			three	num.
1963	Nubri			sum			to weep (Hon.)	v.
1964	Nubri			sum			churning pot	n.
1965	Nubri	HOLD	1448	sum			to hold	v.
1966	Nubri	THIRTY	1715	sumdʒu			thirty	num.
1967	Nubri	THIRD	1859	sumpa			third	num.
1968	Nubri	EDGE	863	sur			edge	n.
1969	Nubri	ALWAYS	1676	surkju			always	adv.
1970	Nubri			sula			around	adv.
1971	Nubri	BODY	1480	sù			body	n.
1972	Nubri	HIT	1433	sʏ			to hit	v.
1973	Nubri			sʏ			to dissolve (such as ghee, ice etc.)	v.
1974	Nubri			sʏtsuk			melt (tran.)	v.
1975	Nubri			sá			area; region	adj.
1976	Nubri			scarves			ceremonial scarves	n.
1977	Nubri	HAIR	1040	ʂa			hair	n.
1978	Nubri			ʂi			little more	adj.
1979	Nubri			ʂimbu			roundworm	n.
1980	Nubri			ʂu			uncle's wife	n.
1981	Nubri			ʃa			to tear (intr.)	v.
1982	Nubri	MEAT	634	ʃa			meat	n.
1983	Nubri	APPLE	1320	ʃau			apple	n.
1984	Nubri			ʃau			cap (traditional)	n.
1985	Nubri	KEEP	1477	ʃak			keep	v.
1986	Nubri	SPLIT	1437	ʃak			to split	v.
1987	Nubri	DAY (NOT NIGHT)	1225	ʃakpa			day	n.
1988	Nubri	HOW MUCH	531	ʃakpa			how much	adj.
1989	Nubri			ʃakpa			meat curry	n.
1990	Nubri	DAY (NOT NIGHT)	1225	ʃakma			day	n.
1991	Nubri			ʃaŋ			to build (Hon.)	v.
1992	Nubri			ʃaŋlu			song sung when one stands	n.
1993	Nubri			ʃap			leg (Hon.)	n.
1994	Nubri			ʃapten			worship (and other things)	n.
1995	Nubri			ʃam 			later [Lho, cf. tiŋla]	adv.
1996	Nubri	OTHER	197	ʃamen			other	pron.
1997	Nubri	HAT	771	ʃamu			hat	n.
1998	Nubri	LATE	477	ʃamla			later	adv.
1999	Nubri	EAST	1877	ʃar			east	adj.
2000	Nubri			ʃar			to shave; to trim lama's hair	v.
2001	Nubri			ʃara			male (man)	n.
2002	Nubri	DANCE	1879	ʃarpu			to dance	v.
2003	Nubri			ʃarpu lu			song sung when people sing standing	n.
2004	Nubri			ʃal			to wash away	v.
2005	Nubri	WALL (OF HOUSE)	933	ʃala			wall	n.
2006	Nubri			ʃala			Shyala (PN)	n.
2007	Nubri			ʃala kjap			to smear	v.
2008	Nubri			ʃaldep			donation	n.
2009	Nubri	SPLIT	1437	ʃà			to split	v.
2010	Nubri	KEEP	1477	ʃàk			to keep	v.
2011	Nubri	BLIND	1653	ʃàra			blind	adj.
2012	Nubri			ʃàltep			donation	n.
2013	Nubri	SOMEONE	2422	ʃenda			others	adj.
2014	Nubri	OTHER	197	ʃemen			other	adj.
2015	Nubri	GLASS	604	ʃel			glass	n.
2016	Nubri	FOUR	1500	ʃi			four	num.
2017	Nubri	DIE	1494	ʃi			to die	v.
2018	Nubri	FALL	1280	ʃi			to fall down	v.
2019	Nubri	LOOK	1819	ʃi			to look	v.
2020	Nubri			ʃik			to look (Hon.)	v.
2021	Nubri	LOUSE	1392	ʃik			louse	n.
2022	Nubri	FALL	1280	ʃik			to fall down	v.
2023	Nubri	FIELD	212	ʃiŋ			field	n.
2024	Nubri	FIREWOOD	10	ʃiŋ			firewood	n.
2025	Nubri	FINISH	1766	ʃiŋ			to finish	v.
2026	Nubri			ʃiŋŋal			burning piece of wood	n.
2027	Nubri	FARMER	979	ʃiŋpa			farmer	n.
2028	Nubri	TERMITE	883	ʃiŋbu			termite	n.
2029	Nubri			ʃidur			fear after one's death	n.
2030	Nubri			ʃipa			fourth	num.
2031	Nubri	FORTY	1716	ʃiptʃu			forty	num.
2032	Nubri	TASTY	1813	ʃimpo			tasty	adj.
2033	Nubri			ʃo			Sho (place name in Lho)	n.
2034	Nubri			ʃoŋ			to accomodate; to have enough place	v.
2035	Nubri	MUSHROOM	641	ʃoŋ			mushroom 	n.
2036	Nubri			ʃop			to be imprisoned	v.
2037	Nubri			ʃor			to be free; to be released	v.
2038	Nubri	LIKE	1117	ʃor			to like	v.
2039	Nubri	ENTER	749	ʃu			to enter	v.
2040	Nubri			ʃu			to sit (Hon.)	v.
2041	Nubri	ARROW	977	ʃu			arrow	n.
2042	Nubri	HIT	1433	ʃui			to hit	v.
2043	Nubri			ʃuk			force	n.
2044	Nubri	PLASTIC	654	ʃuku			plastic	n.
2045	Nubri	PLASTIC	654	ʃuku			plastic	n.
2046	Nubri	GOVERNMENT	815	ʃuŋ			government	n.
2047	Nubri	TOWARDS	2754	ʃuŋ			towards	adv.
2048	Nubri			ʃuŋ			book (of Buddhism)	n.
2049	Nubri			ʃʏ			to extend hand to receive something	n.
2050	Nubri	BUILD	1840	ʃø			to build	v.
2051	Nubri	KNOW (SOMETHING)	1410	ha go			to know	v.
2052	Nubri			hae			bad [Lho, cf. hawe]	adj.
2053	Nubri			hau			up there	adv.
2054	Nubri	THERE	1937	hauda			there	adv.
2055	Nubri	THERE	1937	hauda			there	adv.
2056	Nubri			haudala			further there	adv.
2057	Nubri	THERE	1937	haudala			there	adv.
2058	Nubri			haŋga			precipice; edge	n.
2059	Nubri			hape			bad; ugly	adj.
2060	Nubri	BAD	1292	hapera			bad	adj.
2061	Nubri			ham			shoes (Hon.)	n.
2062	Nubri			hajaŋ			almunium	n.
2063	Nubri	OUR	780	haroŋ			our	adj.
2064	Nubri			harkjok			horn [Lho, cf. arkjok]	n.
2065	Nubri			hartsho			further away that side	adv.
2066	Nubri			hala			thither; that side	adv.
2067	Nubri			halam			that much	adj.
2068	Nubri			hale			that side	adv.
2069	Nubri			hale			extremely; very	adv.
2070	Nubri	VERY	1311	hali			very	adv.
2071	Nubri			halo			that side	adv.
2072	Nubri			hawe			bad [Sama, cf. hae]	adj.
2073	Nubri			hẽ			exclamation	excl.
2074	Nubri			hemu			Kathmandu	n.
2075	Nubri			hembu			Kathmandu	n.
2076	Nubri			hé			potato [Lho, cf. do]	n.
2077	Nubri			héphép			mischivious	adj.
2078	Nubri			hitsé			belief	n.
2079	Nubri			hin			copula verb	v.
2080	Nubri			hin			copular verb	v.
2081	Nubri			hinaŋ gompa			Hinang gompa	v.
2082	Nubri			hip			to hide (intr.; tran.)	v.
2083	Nubri	YES	1268	hõ			yes	excl.
2084	Nubri	THAT	78	ho			that	pron.
2085	Nubri			hoi			towards there	adv.
2086	Nubri	THAT	78	hou			that	pron.
2087	Nubri			hou			of there	adv.
2088	Nubri			hogaŋ			that time	adv.
2089	Nubri	COME	1446	hoŋ			to come	v.
2090	Nubri			hoŋsaŋpu			Hongsangpu gompa (PN)	n.
2091	Nubri			hoŋsaŋphu			Hongsangphu (name of gompa)	n.
2092	Nubri			hoŋsaŋbu			Hongsangbu (name of a man)	n.
2093	Nubri			hotsø			that much	adj.
2094	Nubri			hoʈel			hotel (Eng.)	n.
2095	Nubri	THERE	1937	hota			there	adv.
2096	Nubri			hotok			really	adv.
2097	Nubri	THERE	1937	hoda			there	adv.
2098	Nubri	THERE	1937	hodala			there	adv.
2099	Nubri			hodiko			that one	pron.
2100	Nubri	THEY	817	hodigja			they	pron.
2101	Nubri			hone			like this	adj.
2102	Nubri			honɖe			like this	adj.
2103	Nubri	SUDDENLY	2920	hop			suddenly	adv.
2104	Nubri			hopame			Hopak God (Namo Buddha)	n.
2105	Nubri	SUDDENLY	2920	hoptak			suddenly	adv.
2106	Nubri	SUDDENLY	2920	hoptak medi			suddenly	adv.
2107	Nubri	SUDDENLY	2920	hoptatale			suddenly	adv.
2108	Nubri	DEAF	996	hompa			deaf	adj.
2109	Nubri			horaŋ			we [Prok, cf. horoŋ]	pron.
2110	Nubri			hortse			thank you	n.
2111	Nubri			hortshe			thank you	excl.
2112	Nubri			hordzuŋ			thank you	excl.
2113	Nubri	THERE	1937	hola			there	adv.
2114	Nubri			hosarbuʈi			Hosar Buti (name of a woman)	n.
2115	Nubri			hui			from that side	adv.
2116	Nubri			hutsho			over there	adv.
2117	Nubri			hutshuda			like this	adv.
2118	Nubri	THAT	78	hudi			that	pron.
2119	Nubri	FACE	1560	hunuŋ			face	n.
2120	Nubri			huʃaŋ			Husyang (PN)	n.
2121	Nubri	ABOVE	1741	hʏ			above	adv.
2122	Nubri			hʏhja			towards above	adv.
2123	Nubri	ALL	98	hødzo			all	adj.
2124	Nubri	DEAF	996	høntʃaŋ			deaf	adj.
2125	Nubri			hjã			okay	excl.
2126	Nubri	TOWARDS	2754	hja			towards	adv.
2127	Nubri	ABOVE	1741	hja			above	adv.
2128	Nubri			hjakpo			good [Tib. cf. ghoŋ]	adj.
2129	Nubri	AGAIN	204	hjaŋ			again	adv.
2130	Nubri			hjaŋ			also	part.
2131	Nubri	AGAIN	204	hjaŋ phalem			again	adv.
2132	Nubri	HOW MUCH	531	hjaŋdi			much	adv.
2133	Nubri			hjaŋba			careless	adj.
2134	Nubri	LIGHT (WEIGHT)	1052	hjaŋbo			light (weight)	adj.
2135	Nubri	LIGHT (WEIGHT)	1052	hjaŋmu			light (weight)	adj.
2136	Nubri	BRANCH	1531	hjaŋlak			branch	n.
2137	Nubri			hjaŋse			incarnation	n.
2138	Nubri			hjap			father (Hon)	n.
2139	Nubri			hjama			something unpleasant	n.
2140	Nubri			hjama			sinus; a bad nose	n.
2141	Nubri			hjamu			Kathmandu	n.
2142	Nubri			hjarke soŋ			to be developed	v.
2143	Nubri	LOSE	1660	hjal			to lose	v.
2144	Nubri	ABOVE	1741	hjala			above	adv.
2145	Nubri			hjalak			upward slope, ascent	n.
2146	Nubri			hjalka			branch (tree)	n.
2147	Nubri			hjo			copular verb	v.
2148	Nubri	ARMPIT	1886	hjoktsuk			armpit	n.
2149	Nubri			hjoktsuk wapu			hair of armpit	n.
2150	Nubri	ALL	98	hjotshe			all	adj.
2151	Nubri	ALL	98	hjodzø			all	adj.
2152	Nubri			hjop			iron thing in which the leg can be rested while riding horse	n.
2153	Nubri	RICE	926	hjopa			rice	n.
2154	Nubri	SOME	1241	hjolu			some	adj.
2155	Nubri			hjolmo			Yohlmo	n.
2156	Nubri			hjolsula			after that time	adv.
2157	Nubri			hjuta			that side	adv.
2158	Nubri	TIME	892	hjun			time	n.
2159	Nubri	ABOVE	1741	hjuru			above	adv.
2160	Nubri			hjurtsok			to doze	v.
2161	Nubri			hjurma			weed	n.
2162	Nubri	VILLAGE	930	hjul			village	n.
2163	Nubri	ABOVE	1741	hjula			above	adv.
2164	Nubri			hjulu			some [Sama, cf.  riŋga]	adj.
2165	Nubri			hjulmi			villager	n.
2166	Nubri	DOWN OR BELOW	2094	hwa			below	adv.
2167	Nubri			hwakaŋ			down floor	n.
2168	Nubri			hwakdila			lower side	adv.
2169	Nubri	DOWN OR BELOW	2094	hwakla			below	adv.
2170	Nubri	DOWN OR BELOW	2094	hwala			below	adv.
