ID	DOCULECT	CONCEPT	CONCEPTID	TRANSCRIPTION	SEGMENTS	COGID	GLOSS	GLOSSNEPALI	ORTHOGRAPHIC
1	Nubri_Lho	BODY	1480	sṳ			body	शरीर	१
2	Nubri_Lho	HEAD	1256	gō			head	टाउको	२
3	Nubri_Lho	HAIR	1040	ʃà			hair	कपाल	३
4	Nubri_Lho	FACE	1560	honoŋ			face	अनुहार	४
5	Nubri_Lho	EYE	1248	mìk			eye	आँखा	५
6	Nubri_Lho	EAR	1247	amdzjok			ear	कान	६
7	Nubri_Lho	NOSE	1221	narki			nose	नाक	७
8	Nubri_Lho	MOUTH	674	kʰa			mouth	मुख	८
9	Nubri_Lho	TOOTH	1380	sō			teeth	दाँत	९
10	Nubri_Lho	TONGUE	1205	tsjeũ			tongue	जिब्रो	१०
11	Nubri_Lho	BREAST	1402	dzjū			breast	स्तन	११
12	Nubri_Lho	BELLY	1251	ɖʰupa			belly	पेट	१२
13	Nubri_Lho	ARM	1673	la̤kpa			arm/ hand	हात	१३
14	Nubri_Lho	ELBOW	981	rudzuma			elbow	कुइनो	१४
15	Nubri_Lho	PALM TREE	1181	para			palm	हत्केला	१५
16	Nubri_Lho	FINGER	1303	dziũ			finger	औँला	१६
17	Nubri_Lho	FINGERNAIL	1258	sérmo			fingernail	नङ	१७
18	Nubri_Lho	LEG	1297	kaŋba			leg	खुट्टा	१८
19	Nubri_Lho	SKIN	763	pjago			skin	छाला	१९
20	Nubri_Lho	BONE	1394	rúwa			bone	हाड	२०
21	Nubri_Lho	HEART	1223	niŋ			heart	मुटु	२१
22	Nubri_Lho	BLOOD	946	ʈʰak			blood	रगत	२२
23	Nubri_Lho	URINE	1142	tsin			urine	पिसाब	२३
24	Nubri_Lho	FAECES (EXCREMENT)	675	ã			feces	दिसा	२४
25	Nubri_Lho	VILLAGE	930	hjṳl			village	गाउँ	२५
26	Nubri_Lho	HOUSE	1252	kʰim			house	घर	२६
27	Nubri_Lho	ROOF	769	paŋlep			roof	छानो	२७
28	Nubri_Lho	DOOR	1567	gò			door	ढोका	२८
29	Nubri_Lho	FIREWOOD	10	siŋ			firewood	दाउरा	२९
30	Nubri_Lho	BROOM	245	koŋmo			broom	कुचो	३०
31	Nubri_Lho	MORTAR CRUSHER	224	góktsum			mortar	सिलौटो	३१
32	Nubri_Lho	PESTLE	225	tīktsa			pestle	लोहोरो	३२
33	Nubri_Lho	HAMMER	1481	tʰówa			hammer	हथौडा	३३
34	Nubri_Lho	KNIFE	1352	ɖiù			knife	चक्कु	३४
35	Nubri_Lho	AXE	677	tʌri			axe	बञ्चरो	३५
36	Nubri_Lho	ROPE	1218	tʰakpa			rope	डोरी	३६
37	Nubri_Lho	THREAD	1161	kupa			thread	धागो	३७
38	Nubri_Lho	NEEDLE (FOR SEWING)	1382	kʰap			needle	सियो	३८
39	Nubri_Lho	CLOTH	1616	go̤lak			cloth	लुगा (कपडा)	३९
40	Nubri_Lho	RING	1374	sertop			ring	औँठी	४०
41	Nubri_Lho	SUN	1343	ŋéwa			sun	घाम	४१
42	Nubri_Lho	MOON	1313	ɖʰa̤kar			moon	चन्द्रमा	४२
43	Nubri_Lho	SKY	1732	nam			sky	आकाश	४३
44	Nubri_Lho	STAR	1430	karma			star	तारा	४४
45	Nubri_Lho	RAIN (RAINING)	1253	namgjap			rain	वर्षा	४५
46	Nubri_Lho	WATER	948	tsū			water	पानी	४६
47	Nubri_Lho	RIVER	666	tsaŋbo			river	नदी	४७
48	Nubri_Lho	CLOUD	1489	mukpa			cloud	बादल	४८
49	Nubri_Lho	LIGHTNING	1654	dúk			lightening	बिजुली चम्कनु	४९
50	Nubri_Lho	RAINBOW	1733	dzʰjasuk			rainbow	इन्द्रेणी	५०
51	Nubri_Lho	WIND	960	l̥awa			wind	बतास	५१
52	Nubri_Lho	STONE	857	ɖò			stone	ढुङ्गा	५२
53	Nubri_Lho	PATH	2252	lamgjak			path	बाटो	५३
54	Nubri_Lho	SAND	671	bjã			sand	बालुवा	५४
55	Nubri_Lho	FIRE	221	mɛ̀			fire	आगो	५५
56	Nubri_Lho	SMOKE (INHALE)	1689	ɖʰopa			smoke	धुवाँ	५६
57	Nubri_Lho	ASH	646	góktal			ash	खरानी	५७
58	Nubri_Lho	MUD	640	tʰala			mud	माटो	५८
59	Nubri_Lho	DUST	2	tʰala			dust	धुलो	५९
60	Nubri_Lho	GOLD	1369	ser			gold	सुन	६०
61	Nubri_Lho	TREE	906	doŋbo			tree	रूख	६१
62	Nubri_Lho	LEAF	628	lema			leaf	पात	६२
63	Nubri_Lho	ROOT	670	bʌda̤k			root	जरा	६३
64	Nubri_Lho	THORN	124	tsʰerma			thorn	काँडो	६४
65	Nubri_Lho	FLOWER	239	mɛndok			flower	फूल	६५
69	Nubri_Lho	WHEAT	1077	nɛ̃			wheat (husked)	गहुँ	६९
70	Nubri_Lho	BARLEY	932	nɛkaru			barley	जौ	७०
71	Nubri_Lho	RICE	926	ɖẽ			rice (husked)	चामल	७१
72	Nubri_Lho	POTATO	593	hɛ			potato	आलु	७२
75	Nubri_Lho	CHILI PEPPER	919	kʰortsen			chili	खुर्सानी	७५
77	Nubri_Lho	GARLIC	2368	gókpa			garlic	लसुन	७७
78	Nubri_Lho	ONION	2366	tsōŋ			onion	प्याज	७८
82	Nubri_Lho	OIL (ORGANIC SUBSTANCE)	1484	nùm			oil	तेल	८२
83	Nubri_Lho	SALT	1274	tsā			salt	नुन	८३
84	Nubri_Lho	MEAT	634	ʃjà			meat	मासु	८४
85	Nubri_Lho	FAT (OF MEAT AND FOOD)	2449	tsʰīlu			fat (of meat)	बोसो	८५
86	Nubri_Lho	FISH	227	ɳa̤			fish	माछा	८६
87	Nubri_Lho	CHICKEN	1318	dzʰjãu			chicken	चल्ला	८७
88	Nubri_Lho	EGG	744	gʷa̤			egg	अण्डा	८८
89	Nubri_Lho	COW	1007	ʈolmo			cow	गाई	८९
90	Nubri_Lho	BUFFALO	934	mai			buffalo	भैँसी	९०
91	Nubri_Lho	MILK	635	wʰama			milk	दुध	९१
92	Nubri_Lho	HORN (ANATOMY)	1393	sakjok			horns	सिङ	९२
93	Nubri_Lho	TAIL	1220	wa			tail	पुच्छर	९३
94	Nubri_Lho	GOAT	1502	ra̤			goat	बाख्रो	९४
95	Nubri_Lho	DOG	2009	kì			dog	कुकुर	९५
96	Nubri_Lho	SNAKE	730	ɖul			snake	सर्प	९६
97	Nubri_Lho	MONKEY	1350	ʈegen			monkey	बाँदर	९७
99	Nubri_Lho	ANT	587	kisik			ant	कमिला	९९
100	Nubri_Lho	SPIDER	843	tsasik			spider	माकुरो	१००
101	Nubri_Lho	NAME	1405	miŋ			name	नाम	१०१
102	Nubri_Lho	MAN	1554	mɛ			man	मान्छे	१०२
103	Nubri_Lho	WOMAN	962	bomsja			woman	आइमाई	१०३
104	Nubri_Lho	CHILD	2099	bisa			child	बच्चा	१०४
105	Nubri_Lho	FATHER	1217	aʷa			father	बाबा	१०५
106	Nubri_Lho	MOTHER	1216	ã			mother	आमा	१०६
107	Nubri_Lho	OLDER BROTHER	1759	atsjo			older brother	दाजु	१०७
108	Nubri_Lho	YOUNGER BROTHER	1760	no̤			younger brother	भाइ	१०८
109	Nubri_Lho	OLDER SISTER	1758	ai			older sister	दिदी	१०९
110	Nubri_Lho	YOUNGER SISTER	1761	bʰõ			younger sister	बहिनी	११०
111	Nubri_Lho	SON	1620	bù			son	छोरो	१११
112	Nubri_Lho	DAUGHTER	1357	bʰõ			daughter	छोरी	११२५
113	Nubri_Lho	HUSBAND	1200	kʰjówa			husband	लोग्ने (श्रीमान)	११३
114	Nubri_Lho	WIFE	1199	bʰime			wife	स्वास्नी (श्रीमती)	११४
115	Nubri_Lho	BOY	1366	kʰjokdoŋ			boy	केटो	११५
116	Nubri_Lho	GIRL	1646	bʰõ			girl	केटी	११६
117	Nubri_Lho	DAY (NOT NIGHT)	1225	nimu			day	दिन	११७
118	Nubri_Lho	NIGHT	1233	tsʰemu			night	रात	११८
119	Nubri_Lho	MORNING	1339	ɖokoŋ			morning	विहान	११९
120	Nubri_Lho	NOON	2490	ŋimu			noon	मध्यान्ह	१२०
121	Nubri_Lho	EVENING	1629	goŋmo			evening	साँझ	१२१
122	Nubri_Lho	YESTERDAY	1174	daŋ			yesterday	हिजो	१२२
123	Nubri_Lho	TODAY	1283	ɖiriŋ			today	आज	१२३
124	Nubri_Lho	TOMORROW	1329	ŋáro			tomorrow	भोली	१२४
125	Nubri_Lho	WEEK	1469	dundaktsik			week	हप्ता (साता)	१२५
126	Nubri_Lho	MONTH	1370	da̤wa			month	महिना	१२६
127	Nubri_Lho	YEAR	1226	lo			year	वर्ष	१२७
128	Nubri_Lho	OLD	1229	niŋba			old	बूढो	१२८
129	Nubri_Lho	NEW	1231	samba			new	नयाँ	१२९
130	Nubri_Lho	GOOD	1035	gnu			good	राम्रो (असल)	१३०
131	Nubri_Lho	BAD	1292	guktsja			bad	नराम्रो (खराब)	१३१
132	Nubri_Lho	WET	1726	ɖʰaŋmo			wet	चिसो	१३२
133	Nubri_Lho	DRY	1398	kambo			dry	सुख्खा	१३३
134	Nubri_Lho	LONG	1203	rīŋbu			long	लामो	१३४
135	Nubri_Lho	SHORT	1645	ʈēma			short	छोटो	१३५
136	Nubri_Lho	HOT	1286	tsʰande			hot	तातो	१३६
137	Nubri_Lho	COLD	1287	ɖʰaŋmo			cold	चिसो	१३७
138	Nubri_Lho	RIGHT	1019	eba			right	दाहिने	१३८
139	Nubri_Lho	LEFT	244	ema			left	देव्रे	१३९
140	Nubri_Lho	NEAR	1942	damla			near	नजिक	१४०
141	Nubri_Lho	FAR	1406	tʰakriŋbu			far	टाढा	१४१
142	Nubri_Lho	BIG	1202	tsʰumbo			big	ठूलो	१४२
143	Nubri_Lho	SMALL	1246	tsēma			small	सानो	१४३
144	Nubri_Lho	HEAVY	1210	tsende			heavy	गह्रौँ	१४४
145	Nubri_Lho	LIGHT (WEIGHT)	1052	jaŋmo			light	हलुका	१४५
146	Nubri_Lho	ABOVE	1741	jaŋla			above	माथि	१४६
147	Nubri_Lho	DOWN OR BELOW	2094	wakla			below	तल	१४७
148	Nubri_Lho	WHITE	1335	karpo			white	सेतो	१४८
149	Nubri_Lho	BLACK	163	nakpo			black	कालो	१४९
150	Nubri_Lho	RED	156	marpo			red	रातो	१५०
151	Nubri_Lho	ONE	1493	tsik			one	एक	१५१
152	Nubri_Lho	TWO	1498	ni̤			two	दुई	१५२
153	Nubri_Lho	THREE	492	sum			three	तीन	१५३
154	Nubri_Lho	FOUR	1500	ʃi			four	चार	१५४
155	Nubri_Lho	FIVE	493	ŋá			five	पाँच	१५५
156	Nubri_Lho	SIX	1703	duk			six	छ	१५६
157	Nubri_Lho	SEVEN	1704	ɖʰun			seven	सात	१५७
158	Nubri_Lho	EIGHT	1705	ke			eight	आठ	१५८
159	Nubri_Lho	NINE	1483	gù			nine	नौ	१५९
160	Nubri_Lho	TEN	1515	tsū			ten	दश	१६०
161	Nubri_Lho	ELEVEN	1706	tsūktsik			eleven	एघार	१६१
162	Nubri_Lho	TWELVE	1707	tsūni̤			twelve	बाह्र	१६२
163	Nubri_Lho	TWENTY	1710	niʃu			twenty	बीस	१६३
164	Nubri_Lho	HUNDRED	1634	gja̤			one hundred	एक सय	१६४
165	Nubri_Lho	WHO	1235	su			who	को	१६५
166	Nubri_Lho	WHAT	1236	tsī			what	के	१६६
167	Nubri_Lho	WHERE	1237	gána			where	कहाँ	१६७
168	Nubri_Lho	WHEN	1238	nam			when	कहिले	१६८
169	Nubri_Lho	HOW MANY	822	gatsò			how many	कति	१६९
170	Nubri_Lho	WHICH	727	gandi			which	कुन	१७०
171	Nubri_Lho	THIS	1214	di̤			this	यो	१७१
172	Nubri_Lho	THAT	78	hʌudi̤			that	त्यो	१७२
173	Nubri_Lho			dzjaptak			these	यिनीहरू	१७३
174	Nubri_Lho			dzjaptak			those	उनीहरू	१७४
175	Nubri_Lho	SAME	200	tsjamla			same	उही	१७५
176	Nubri_Lho	DIFFERENT	2504	sjamin			different	फरक (अलग)	१७६
177	Nubri_Lho	WHOLE	2277	tsʰaŋmo			whole	सबै	१७७
178	Nubri_Lho	BROKEN	588	tsʰakdzoŋ			broken	फुटेको	१७८
179	Nubri_Lho	FEW	1242	tsèdza			few	थोरै	१७९
180	Nubri_Lho	MANY	1198	māŋbo			many	धेरै	१८०
182	Nubri_Lho	EAT	1336	sɛ̄			to eat	खानु	१८२
183	Nubri_Lho	BITE	1403	akragjap			to bite	टोक्नु	१८३
184	Nubri_Lho	BE HUNGRY	1533	ɖʰubaʈo			to be hungry	भोकाउनु	१८४
185	Nubri_Lho	DRINK	1401	tʰuŋ			to drink	पिउनु	१८५
186	Nubri_Lho	THIRSTY	847	kʰakom			to be thirsty	तिर्खाउनु	१८६
187	Nubri_Lho	SLEEP	1585	ŋjal			to sleep	सुत्‍नु	१८७
188	Nubri_Lho	LIE (REST)	1411	lalogjal			to lie	पल्टनु	१८८
189	Nubri_Lho	SIT	1416	dɛ̀			to  sit	बस्नु	१८९
190	Nubri_Lho	GIVE	1447	tɛ̀			to  give	दिनु	१९०
191	Nubri_Lho	BURN	2102	dzʰi			to  burn	डढाउनु	१९१
192	Nubri_Lho	DIE	1494	si			to die	मर्नु	१९२
193	Nubri_Lho	KILL	1417	sɛ̀			to  kill	मार्नु	१९३
194	Nubri_Lho	FLY (MOVE THROUGH AIR)	1441	laŋ			to fly	उड्नु	१९४
195	Nubri_Lho	WALK	1443	ɖò			to walk	हिँड्नु	१९५
196	Nubri_Lho	RUN	1519	lʌluɖò			to run	दौडनु	१९६
197	Nubri_Lho	GO	695	ɖò			to go /	जानु	१९७
198	Nubri_Lho	COME	1446	sjòk			to come	आउनु	१९८
199	Nubri_Lho	SPEAK	1623	lap			to speak/ speak	बोल्नु	१९९
200	Nubri_Lho	LISTEN	1608	njen			to  hear/listen	सुत्‍नु	२००
201	Nubri_Lho	LOOK	1819	tē			to look	हेर्नु	२०१
202	Nubri_Lho	I	1209	ŋa̤			I	म	२०२
203	Nubri_Lho	THOU	1215	kʰjɛ			you (informal)	तँ	२०३
204	Nubri_Lho	YOU (FORMAL ADDRESS)	2844	kʰjɛ			you (formal)	तपाई	२०४
205	Nubri_Lho	HE	1211	kʰò			he	ऊ	२०५
206	Nubri_Lho	SHE	1834	mò			she	उनी	२०६
207	Nubri_Lho	WE (INCLUSIVE)	1131	tsʰaŋma			we (inclusive)	हामी (समावेशी)	२०७
208	Nubri_Lho	WE (EXCLUSIVE)	1130	tʰamdze			we (exclusive)	हामी (असमावेशी)	२०८
209	Nubri_Lho	YOU	1213	kʰuŋtsʰaŋma			you (plural)	तिमीहरू	२०९
210	Nubri_Lho	THEY	817	kʰuŋtʰamdze			they	उनीहरू	२१०
