ID	DOCULECT	CONCEPT	CONCEPTID	TRANSCRIPTION	SEGMENTS	COGID	GLOSS	CONCEPTICON_ID	CONCEPTICON_GLOSS	SIMILARITY
1	Yolmo	BITE	1403	á táp			to bite	1403	BITE	1
2	Yolmo			águu			father's younger  brother		???	
3	Yolmo			águu tʃómbo			 father's elder brother		???	
4	Yolmo			áŋ			also		???	
5	Yolmo			áŋ			also		???	
6	Yolmo			átʃha			exclamation		???	
7	Yolmo			ádzi			elder sister		???	
8	Yolmo	OLDER BROTHER	1759	áda			older brother	1759	OLDER BROTHER	2
9	Yolmo			áni			father's younger sister		???	
10	Yolmo	AND	1577	áni			and	1577	AND	2
11	Yolmo			áni tʃómbo			father's elder sister		???	
12	Yolmo	FATHER	1217	ába			father	1217	FATHER	2
13	Yolmo	MOTHER	1216	áma			mother	1216	MOTHER	2
14	Yolmo			àmbak			guava		???	
15	Yolmo			árak			a strong alcohol		???	
16	Yolmo			áru			a large clay jug		???	
17	Yolmo			ál			a lake	624	LAKE	3
20	Yolmo	ASPARAGUS	2605	íbi rère			asparagus	2605	ASPARAGUS	2
21	Yolmo			ìnar			large well		???	
22	Yolmo	COVER	761	úp			to cover	761	COVER	1
23	Yolmo	OWL	735	úpa			owl	735	OWL	2
24	Yolmo	FLY (MOVE THROUGH AIR)	1441	ùr			to fly	1441	FLY (MOVE THROUGH AIR)	1
25	Yolmo			úu phér			to  breathe	1407	BREATHE	3
26	Yolmo			[érmaŋ			Szechuan  pepper, a plant, leaves used in  cooking and medicine	653	PLANT (VEGETATION)	3
27	Yolmo			ée			call used to attract a  person's attention		???	
28	Yolmo	COME	1446	òŋ			to come	1446	COME	1
29	Yolmo			òŋge			copula verb,  general fact copula used when  the clause is general and accepted knowledge		???	
30	Yolmo			òzeraŋ			enough ; that much	1881	ENOUGH	4
31	Yolmo			òm			to convince or woo somebody		???	
33	Yolmo			[òrta			a fence	1690	FENCE	3
34	Yolmo	THAT	78	òodi			that	78	THAT	2
35	Yolmo			òodigi pèdi			therefore		???	
36	Yolmo			òolegi			and then		???	
37	Yolmo	LEG	1297	káŋba			leg	1297	LEG	2
38	Yolmo	THIGH	800	y úh [káŋba láʃa			thigh	800	THIGH	2
40	Yolmo			kátha			a dagger		???	
41	Yolmo			o			invocation		???	
43	Yolmo			óokel			a mortar and  pestle used for pounding rice  into flour		???	
44	Yolmo	OPEN	1156	kà			open	1156	OPEN	2
45	Yolmo	LIKE	1117	kà			like	1117	LIKE	2
46	Yolmo	OPEN	1156	kà pè			to open	1156	OPEN	1
47	Yolmo	SHAWL	2771	káito			shawl	2771	SHAWL	4
48	Yolmo	LEMON	3091	kágati			lemon	3091	LEMON	2
49	Yolmo	HILL	614	kàŋ			hill	614	HILL	2
50	Yolmo			kàŋ			to fill up	2006	FILL	4
51	Yolmo	HOW	1239	kàn pèdi			how, pertaining to action	1239	HOW	4
53	Yolmo	HOW	1239	kànɖa			how, in which  way	1239	HOW	4
54	Yolmo	WHICH	727	kàndi			which	727	WHICH	2
55	Yolmo	HOW	1239	kànmu			how, describing physical property	1239	HOW	4
57	Yolmo	DRY	1398	kám			to dry	1398	DRY	1
59	Yolmo			kàmbu			a bottle	1321	BOTTLE	3
60	Yolmo	STEEP	2717	káma			steep	2717	STEEP	2
61	Yolmo			káma			uphill		???	
62	Yolmo			káyu			small ceramic cup		???	
63	Yolmo			kár			to trick	1902	BETRAY	3
64	Yolmo			kár			to weigh something		???	
65	Yolmo	BELT	772	kára			belt, or cloth wrapped around the waist	772	BELT	4
66	Yolmo			káray			a pot for cooking made of iron		???	
67	Yolmo	BARLEY	932	káru			barley	932	BARLEY	2
68	Yolmo	KNIFE	1352	kárta			knife	1352	KNIFE	2
69	Yolmo	SPICY	544	kárpa			spicy	544	SPICY	2
70	Yolmo			kárma			minute		???	
71	Yolmo	STAR	1430	kárma			star	1430	STAR	2
73	Yolmo			kàlda			a jug for water; a bag		???	
74	Yolmo	WHERE	1237	kàla			where	1237	WHERE	2
75	Yolmo			kálam			a pen, for writing	794	PEN	3
77	Yolmo	OR	1014	kí			or	1014	OR	2
78	Yolmo	BOOK	963	kítab			book	963	BOOK	2
79	Yolmo			kípa			caste		???	
80	Yolmo	FLEA	232	kíʃi			flea	232	FLEA	2
81	Yolmo	TIE	1917	kíi			to bind	1917	TIE	1
82	Yolmo			kú			to rub in		???	
83	Yolmo	NINE	1483	kù			nine	1483	NINE	2
84	Yolmo	ELBOW	981	kúŋ dzùŋ			elbow	981	ELBOW	2
85	Yolmo			kúŋga			holder for butter candles		???	
86	Yolmo	NIGHT	1233	kùŋmu			night	1233	NIGHT	2
87	Yolmo			kùba			ninth		???	
88	Yolmo	THIEF	1160	kúmen			thief	1160	THIEF	2
89	Yolmo			kùr pè			to bend over		???	
90	Yolmo	CHAIR	1476	kúrtʃi			chair	1476	CHAIR	2
91	Yolmo	SUGAR CANE	146	kùrʃiŋ			sugarcane	146	SUGAR CANE	2
92	Yolmo			kùl			a spirit that lives in the family home		???	
95	Yolmo	WAIT (FOR)	1590	kúu			to wait	1590	WAIT (FOR)	1
96	Yolmo	VISIT	1377	ké			to visit	1377	VISIT	1
97	Yolmo	HIP	1745	képha			hip	1745	HIP	2
98	Yolmo	TONGS	272	kémba			tongs	272	TONGS	2
99	Yolmo	SPLIT	1437	kèe			split	1437	SPLIT	2
100	Yolmo	CALL	1084	kée kyàp			to call	1084	CALL	1
101	Yolmo	LAUGH	1355	kéemu kyàp			to laugh	1355	LAUGH	1
102	Yolmo	DIG	1418	kó			to dig	1418	DIG	1
104	Yolmo	DOOR	1567	kò			door	1567	DOOR	2
105	Yolmo	GARLIC	2368	kòkpa			garlic	2368	GARLIC	2
106	Yolmo			kòga			kitchen; a fireplace	185	FIREPLACE	3
107	Yolmo	CROUCH	296	kòŋ			to crouch	296	CROUCH	1
108	Yolmo			kòtaraŋ			including		???	
109	Yolmo	WEAR	976	kòn			to wear	976	WEAR	1
110	Yolmo	SHOE	1381	kòpʃa			shoes	1381	SHOE	2
111	Yolmo	TEMPLE	911	kòmba			temple	911	TEMPLE	2
112	Yolmo	MOUTH	674	khá			mouth	674	MOUTH	2
113	Yolmo	THIRSTY	847	kómsin			thirsty	847	THIRSTY	2
114	Yolmo	BASKET	1539	kòrko			basket	1539	BASKET	2
115	Yolmo			kór			to walk around		???	
116	Yolmo	ROUND	1395	kòrmo			round	1395	ROUND	2
117	Yolmo	LOCK	1596	kòldʒa			lock	1596	LOCK	2
118	Yolmo			kòlo tséema			 leafy green vegetable		???	
119	Yolmo			kòlmo			a lake	624	LAKE	3
120	Yolmo	CHIN	1510	kóoma			chin	1510	CHIN	2
121	Yolmo	PORCUPINE	2510	kóhar			porcupine	2510	PORCUPINE	2
122	Yolmo	CAULIFLOWER	2843	kaulikopi			cauliflower	2843	CAULIFLOWER	2
123	Yolmo	CLOTH	1616	krému			scarf	1616	CLOTH	2
124	Yolmo	BED	1663	kháʈ			bed	1663	BED	2
125	Yolmo	NEEDLE (FOR SEWING)	1382	kháp			needle	1382	NEEDLE (FOR SEWING)	2
126	Yolmo	DAY BEFORE YESTERDAY	1180	khárnup			the day before yesterday	1180	DAY BEFORE YESTERDAY	1
127	Yolmo	TWENTY	1710	kháldʒi			twenty	1710	TWENTY	2
128	Yolmo			kháldʒi tʃíi			 twentyone	1734	TWENTY ONE	4
129	Yolmo			kháldʒi súm			 twenty three		???	
130	Yolmo	HEALTHY	1364	kháldʒo			health	1364	HEALTHY	2
131	Yolmo	POCKET	1851	khálɖi			pocket	1851	POCKET	2
132	Yolmo	DOG	2009	khí			dog	2009	DOG	2
133	Yolmo	PIN	64	khíp			pin	64	PIN	2
134	Yolmo	CATERPILLAR	2247	khíba			caterpillar	2247	CATERPILLAR	2
135	Yolmo	HOUSE	1252	khím			house	1252	HOUSE	2
136	Yolmo	KIDNEY	489	khálma			kidney	489	KIDNEY	2
137	Yolmo	EIGHTY	1722	khálʃi			eighty	1722	EIGHTY	2
138	Yolmo	SIXTY	1718	khálsum			sixty	1718	SIXTY	2
139	Yolmo	CAN	1051	khú			can	972	BE ABLE	2
140	Yolmo	HOOF	152	khúr			hoof	152	HOOF	2
141	Yolmo			khúr			to carry something		???	
142	Yolmo	BREAD	1368	khúra			bread	1368	BREAD	2
143	Yolmo	BITTER	887	khéndi			bitter	887	BITTER	2
144	Yolmo			khéndi kòrilo			zucchini		???	
145	Yolmo			khér			to take away, take with		???	
146	Yolmo	DARK	706	gàɖa			dark	706	DARK	2
147	Yolmo			gàndzi			singlet		???	
148	Yolmo			gàram mèna			garam masala		???	
149	Yolmo	FIVE	493	ŋá			five	493	FIVE	2
151	Yolmo	ROOM	1450	khópi			room	1450	ROOM	2
152	Yolmo	TATTOO	68	khóp tíba			tattoo	68	TATTOO	2
153	Yolmo	VISIT	1377	khór			to visit	1377	VISIT	1
154	Yolmo			khólmo			a small well		???	
155	Yolmo			gèd pále			gate  keeper		???	
156	Yolmo	RHINOCEROS	2591	gèda			rhinoceros	2591	RHINOCEROS	2
157	Yolmo	HEAD	1256	gòo			head	1256	HEAD	2
158	Yolmo	GLASS	604	glàs			glass	604	GLASS	2
160	Yolmo	ROAST (SOMETHING)	1962	ŋó			to roast	1962	ROAST (SOMETHING)	1
161	Yolmo	FAECES (EXCREMENT)	675	kyákpa			feces	675	FAECES (EXCREMENT)	2
162	Yolmo	SHIT (DEFECATE)	676	á 			to defecate	676	SHIT (DEFECATE)	1
163	Yolmo	MILLET	931	kyàgar			millet	931	MILLET	2
164	Yolmo	FLOAT	1574	kyá			to float	1574	FLOAT	1
166	Yolmo	CLOSED	589	kyàp			closed	589	CLOSED	2
167	Yolmo	FALL	1280	kyàp			to fall	1280	FALL	1
168	Yolmo	BEHIND	1686	kyàpla			behind	1686	BEHIND	2
169	Yolmo			ŋába			fifth		???	
170	Yolmo	SWEET	717	ŋàrmu			sweet	717	SWEET	2
171	Yolmo	CRY	1839	ŋù			to cry	1839	CRY	1
172	Yolmo	SILVER	759	ŋùl			silver	759	SILVER	2
173	Yolmo	FOREIGN	109	kyàmi			foreign	109	FOREIGN	2
175	Yolmo			kyáa			to feel cold		???	
177	Yolmo	VOMIT	1278	kyú			to vomit	1278	VOMIT	1
178	Yolmo	LEAVE	1752	kyú			to leave	1752	LEAVE	1
180	Yolmo			kyùma			a member of the Brahmin caste		???	
181	Yolmo	THROW	1456	kyúr			to throw, to  drop deliberately	1456	THROW	3
182	Yolmo	EIGHT	1705	kyè			eight	1705	EIGHT	2
183	Yolmo	GIVE BIRTH	1195	kyé			to give birth	1195	GIVE BIRTH	1
184	Yolmo			khyá			second person  plural		???	
185	Yolmo	CHEAP	1887	khyému			cheap	1887	CHEAP	2
186	Yolmo	WAIST	1681	kyépa			waist	1681	WAIST	2
188	Yolmo	CARRY	700	kyòŋ			to carry	700	CARRY	1
189	Yolmo	HUSBAND	1200	khyóbo			husband	1200	HUSBAND	2
190	Yolmo	MAN	1554	khyópiʒa			man	1554	MAN	2
193	Yolmo	TEA	1373	tʃà			tea	1373	TEA	2
194	Yolmo			gyèl			to fall over	2894	TUMBLE (FALL DOWN)	4
195	Yolmo			tʃáŋ			to suffice		???	
196	Yolmo			tʃháŋ			a flock of birds		???	
197	Yolmo			tʃáŋgi			iron tripod put into fire for cooking pots		???	
198	Yolmo	CLEVER	1310	tʃáŋbu			clever	1310	CLEVER	2
199	Yolmo			tʃápal			sandals		???	
200	Yolmo	SWIM	1439	tʃál kyàp			swim	1439	SWIM	2
201	Yolmo	PAY	718	tʃál			pay	718	PAY	2
203	Yolmo	WHAT	1236	tʃí			what	1236	WHAT	2
204	Yolmo			tʃíŋ			to wear a belt		???	
205	Yolmo	TWELVE	1707	tʃíɲi			twelve	1707	TWELVE	2
206	Yolmo			tʃíɲiba			twelfth		???	
207	Yolmo	BECAUSE	1157	tʃípe làpna			because	1157	BECAUSE	2
208	Yolmo	LIVER	1224	tʃímba			liver	1224	LIVER	2
209	Yolmo	ONE	1493	tʃíi			one	1493	ONE	2
211	Yolmo	ELEVEN	1706	tʃúdʒi			eleven	1706	ELEVEN	2
212	Yolmo			tʃúdʒiba			eleventh		???	
213	Yolmo	SEVENTEEN	2453	tʃúptin			seventeen	2453	SEVENTEEN	2
214	Yolmo			tʃúp			to imprison		???	
215	Yolmo	FOURTEEN	2451	tʃúpʃi			fourteen	2451	FOURTEEN	2
216	Yolmo	THIRTEEN	1708	tʃúpsum			thirteen	1708	THIRTEEN	2
217	Yolmo			tʃúba			tenth		???	
218	Yolmo	NINETEEN	1714	tʃúrku			nineteen	1714	NINETEEN	2
219	Yolmo	FIFTEEN	1709	tʃéŋa			fifteen	1709	FIFTEEN	2
220	Yolmo			tʃétʃe			mother's younger  sister		???	
221	Yolmo			tʃétʃe tʃómbo			 mother's elder sister		???	
223	Yolmo	HEAVY	1210	tʃéndi			heavy	1210	HEAVY	2
224	Yolmo	SMALL	1246	tʃéemi			small	1246	SMALL	2
225	Yolmo	BROKEN	588	tʃhá tʃába			 broken	588	BROKEN	4
226	Yolmo			tʃháuki			army  barracks		???	
228	Yolmo			tʃháŋgela			 drunkard		???	
229	Yolmo	BREAK (DESTROY OR GET DESTROYED)	680	tʃhá			to break	680	BREAK (DESTROY OR GET DESTROYED)	1
230	Yolmo	CHOOSE	1750	tʃhán			to choose	1750	CHOOSE	1
231	Yolmo	DANCE	1879	tʃhám			to dance	1879	DANCE	1
232	Yolmo	EGG	744	tʃèmu kòŋa			egg	744	EGG	2
233	Yolmo	EGG	744	tʃèmendo			egg	744	EGG	2
234	Yolmo			tʃóŋ			chives		???	
235	Yolmo	RUN	1519	tʃóŋ			to run	1519	RUN	1
236	Yolmo	DO	813	tʃòl			to do	813	DO	1
237	Yolmo	STRAIGHT	1404	tʃháre			straight	1404	STRAIGHT	2
238	Yolmo	NECKLACE	1961	tʃhálda			necklace	1961	NECKLACE	2
239	Yolmo			ih ŋtná [tʃhálda kyàpti			bound		???	
240	Yolmo	URINE	1142	tʃíŋ			urine	1142	URINE	2
241	Yolmo			tʃhípa			Hindu		???	
243	Yolmo			tʃhúda			millstone		???	
244	Yolmo	CHEESE	1569	tʃhúrpi			cheese	1569	CHEESE	2
246	Yolmo			tʃhép			to give to each other		???	
247	Yolmo	LIZARD	632	tʃhépare			lizard	632	LIZARD	2
248	Yolmo	PUT	998	dʒàa			put	998	PUT	2
249	Yolmo			dʒàmbala			The  god of wealth, also known as  Kubur to Hindus		???	
251	Yolmo	LEAVE	1752	ʒàa			to leave	1752	LEAVE	1
252	Yolmo	SALIVA	1503	tʃhémaŋ			saliva	1503	SALIVA	2
253	Yolmo	GRASS	606	tʃhée			grass	606	GRASS	2
254	Yolmo	ISLAND	622	tʃhó			island	622	ISLAND	2
255	Yolmo	LIP	478	tʃhódo			lip	478	LIP	2
256	Yolmo	BIG	1202	tʃhómbo			big	1202	BIG	2
257	Yolmo			tʃhórten			stupa		???	
258	Yolmo			dʒàra			snack		???	
259	Yolmo	SUCK	1421	dʒìp			to suck	1421	SUCK	1
260	Yolmo			dʒù			to sew grain		???	
261	Yolmo	OLD (AGED)	2112	dʒèʈi			elder	2112	OLD (AGED)	2
262	Yolmo	TWO	1498	ɲí			two	1498	TWO	2
263	Yolmo			ɲì			first person plural exclusive		???	
264	Yolmo	SLEEP	1585	ɲí tsé			to sleep	1585	SLEEP	1
265	Yolmo			ɲìp			to swallow something		???	
266	Yolmo	SECOND	1384	ɲíba			second	1384	SECOND	2
268	Yolmo			ɲílo			to feel sleepy		???	
270	Yolmo	PLAY	1413	tsá			to play	1413	PLAY	1
271	Yolmo			tsámba			raspberry		???	
272	Yolmo			ɲàl			to lay  down, or to sleep	1411	LIE (REST)	4
273	Yolmo	BORE	1501	ɲúŋ			drill	1501	BORE	2
274	Yolmo	NORTH	1598	ɲùm			north	1598	NORTH	2
275	Yolmo			ɲé			to pass	1951	PASS	1
276	Yolmo			ɲé			to chase	1435	HUNT	4
278	Yolmo	LISTEN	1608	ɲèn			to listen	1608	LISTEN	1
279	Yolmo	PILLOW	1044	ɲébul			pillow	1044	PILLOW	2
280	Yolmo			ɲér			to annoy	2892	MAKE ANGRY (ANNOY)	4
281	Yolmo	BUY	1869	ɲò			to buy	1869	BUY	1
282	Yolmo	DIRTY	1230	ɲókpa			dirty	1230	DIRTY	2
283	Yolmo			ɲòŋ			to suffer hardship		???	
284	Yolmo			ɲóŋba			an insane person		???	
285	Yolmo	ROOT	670	tsárŋi			root	670	ROOT	2
286	Yolmo	SHUT	1046	tsúm			to close	1046	SHUT	1
287	Yolmo			tsém			to sew cloth		???	
288	Yolmo	VEIN	1924	tsà			vein	1924	VEIN	2
290	Yolmo	MOLE	1907	tsík tsíba			mole	1907	MOLE	4
291	Yolmo	WALL (OF HOUSE)	933	tsíkpa			wall	933	WALL (OF HOUSE)	2
292	Yolmo	TONGS	272	tsímʈa			tongs	272	TONGS	2
293	Yolmo	STUPID	1518	tsókpu			stupid	1518	STUPID	2
294	Yolmo	LATCH	1012	tsúkul			latch	1012	LATCH	2
295	Yolmo			tséma			a curry made of  vegetables; vegetable	924	VEGETABLES	4
296	Yolmo			tsélba			a large conical basket loosely woven for  carrying and transporting  things		???	
297	Yolmo	SELL	1571	tsòŋ			to sell	1571	SELL	1
298	Yolmo			tsóp			pickle		???	
299	Yolmo			tsòra			a hand hoe		???	
300	Yolmo	SALTY	1091	tshápré			salty	1091	SALTY	2
301	Yolmo	SALT	1274	tshá			salt	1274	SALT	2
302	Yolmo	KNEE	1371	tshákpaliŋ			knee	1371	KNEE	2
305	Yolmo	VULTURE	1185	tshárkya			vulture	1185	VULTURE	2
306	Yolmo	CHOKE	129	tshál			to choke	129	CHOKE	1
307	Yolmo			tshí			to burn with something hot		???	
308	Yolmo			dzàge			pants	809	TROUSERS	4
309	Yolmo			dzàti			group		???	
310	Yolmo			dzà			to climb up		???	
311	Yolmo			tshér			to be sad	699	SAD	4
312	Yolmo	LAZY	1564	tshérsi			lazy	1564	LAZY	2
313	Yolmo			tshóp			food offered during religious event		???	
314	Yolmo			tshól			to search	1468	LOOK FOR	3
315	Yolmo			tshólam			top of the head, where the hair parts		???	
316	Yolmo			dzáberdʒasti			force	2526	POWER	2
317	Yolmo	NECK	1333	dzìŋba			neck	1333	NECK	2
318	Yolmo	FEAR (BE AFRAID)	1419	dzì			to fear	1419	FEAR (BE AFRAID)	1
319	Yolmo	MAKE	734	zò			to make	734	MAKE	1
320	Yolmo	HORSE	615	ʈàbu			horse	615	HORSE	2
321	Yolmo			ʈálti			to patch	3074	FIX	4
322	Yolmo			ʈáʃi dèle			greetings		???	
324	Yolmo			ʈàa			to recover	1978	RECOVER	1
325	Yolmo			ʈì			to pull along		???	
326	Yolmo			ʈíka			tika, a blessing given by placing a tika on the  forehead		???	
327	Yolmo			zì			to get drunk		???	
328	Yolmo			ʈá			hair on the head		???	
329	Yolmo	ENEMY	1358	ʈà			enemy	1358	ENEMY	2
330	Yolmo	PHEASANT	3060	ʈà			pheasant	3060	PHEASANT	2
331	Yolmo	TIE	1917	ʈà			to bind	1917	TIE	1
332	Yolmo	FLAT	1633	ʈáŋga			flat	1633	FLAT	2
333	Yolmo	SWELL	1573	ʈáŋ			to swell	1573	SWELL	1
335	Yolmo	MONEY	1559	ʈáŋa			money	1559	MONEY	2
336	Yolmo	TENT	1316	ʈáʒaŋ			tent	1316	TENT	2
337	Yolmo	SCAR	497	ʈáʈe			scar	497	SCAR	2
338	Yolmo			ʈáp			to winnow	2462	WINNOWING	3
339	Yolmo			ʈàba			a Buddhist monk		???	
340	Yolmo	GET	694	dzòr			to get	694	GET	1
341	Yolmo			ʈíŋbur			a boil	793	BOIL (OF SKIN)	3
344	Yolmo	ASK (INQUIRE)	1309	ʈìi			to ask	1309	ASK (INQUIRE)	1
345	Yolmo	SIX	1703	ʈù			six	1703	SIX	2
346	Yolmo	SIXTY	1718	ʈùktʃu			sixty	1718	SIXTY	2
347	Yolmo	GATHER	7	ʈúk			to gather	7	GATHER	1
348	Yolmo			ʈùkpa			sixth		???	
349	Yolmo	BUTTON	757	ʈúŋ			button	757	BUTTON	2
350	Yolmo			ʈùp kàla			joyfully, with pleasure		???	
351	Yolmo			ʈùl			to rub in		???	
352	Yolmo			ʈè			advice		???	
353	Yolmo			ʈò			to read; to study	724	READ	3
354	Yolmo	WHEAT	1077	ʈò			wheat	1077	WHEAT	2
356	Yolmo			ʈókari			large basket made of bamboo		???	
357	Yolmo	ANT	587	ʈòmaŋ			ant	587	ANT	2
358	Yolmo			ʈòlkar			the goddess known as Green Tara in Hindu culture		???	
359	Yolmo			ʈòlma			the goddess known as White Tara in Hindu culture		???	
360	Yolmo	SCHOOL	673	ʈòsa			school	673	SCHOOL	2
361	Yolmo	JEALOUS	2821	ʈhádok			jealous	2821	JEALOUS	4
362	Yolmo	BILE	1780	ʈhíba			bile	1780	BILE	2
363	Yolmo	KING	1508	ʈhú			ruler	1508	KING	2
364	Yolmo	WASH	1453	ʈhú			to wash	1453	WASH	1
365	Yolmo	MANNER	488	ɖàŋa			manner	488	MANNER	4
366	Yolmo	CHEEK	1730	ɖàmba			cheek	1730	CHEEK	2
367	Yolmo			ɖàlo			spherical	2303	SPHERICAL (ROUND IN THREE DIMENSIONS)	4
368	Yolmo			ɖìi			to match; to fit; to go together	1133	MATCH	4
369	Yolmo	GRAIN	605	ɖù			grain	605	GRAIN	2
370	Yolmo	DRAGON	2038	ɖùk			dragon	2038	DRAGON	2
371	Yolmo	MONEY	1559	ɖèba			money	1559	MONEY	2
372	Yolmo	GO	695	ɖò			to go	695	GO	1
373	Yolmo	GUEST	1782	ɖòmbo			guest	1782	GUEST	2
374	Yolmo			tà			an emphatic marker		???	
375	Yolmo	SEND	1127	táŋ			to send	1127	SEND	1
376	Yolmo	THROW	1456	táŋ			to throw, to scatter	1456	THROW	3
377	Yolmo	COUNT	1420	tàŋ			to count	1420	COUNT	1
378	Yolmo	OPEN	1156	tàŋ			to open	1156	OPEN	1
379	Yolmo			táŋgu			rhododendron		???	
380	Yolmo	BEFORE	1882	tàʒi			before	1882	BEFORE	2
381	Yolmo	NOW	1376	tàze			now	1376	NOW	2
382	Yolmo	LOOK	1819	tá			to look	1819	LOOK	1
383	Yolmo			táp			to scatter	2064	SCATTER (SEEDS)	3
385	Yolmo	NOW	1376	tàpse			now	1376	NOW	2
387	Yolmo			tám ʃék			gossip		???	
389	Yolmo	AXE	677	tári			axe	677	AXE	2
390	Yolmo			tàra			buttermilk		???	
391	Yolmo	LATE	477	tàlda			later	477	LATE	2
393	Yolmo	NOW	1376	tàa			now	1376	NOW	2
394	Yolmo	DEEP	1593	tì rùŋbu			deep	1593	DEEP	2
395	Yolmo			tíkis			a back apron, a traditional item of clothing,  worn by married women		???	
396	Yolmo	NEXT	1354	tíŋgi			next	1354	NEXT	2
397	Yolmo			tíŋ			to spread something like a cloth		???	
399	Yolmo			tìŋal			be sad, worried or upset	699	SAD	4
400	Yolmo	WEEK	1469	tìnɖa			week	1469	WEEK	2
401	Yolmo			tìnba			seventh		???	
402	Yolmo	BEE	665	típáama			bee	665	BEE	2
404	Yolmo			tén			to pull something out		???	
405	Yolmo	GO OUT	1107	tèn			to go out	1107	GO OUT	1
406	Yolmo	SOME	1241	tíbirere			some	1241	SOME	2
407	Yolmo	NAVEL	1838	tíya			navel	1838	NAVEL	2
408	Yolmo	LADDER	1464	téba			ladder	1464	LADDER	2
409	Yolmo	SESAME	2797	tíl			sesame	2797	SESAME	2
410	Yolmo	BURN	2102	tìi			to burn	2102	BURN	1
411	Yolmo			tíip			a bee	665	BEE	3
412	Yolmo			tègini tséema			green leafy vegetable, not  grown but found in the  forests		???	
415	Yolmo			túŋbo dzùk			ancient		???	
416	Yolmo	CUT	1432	túp			to cut	1432	CUT	1
417	Yolmo	REMEMBER	707	é ŋyáp			to remember	707	REMEMBER	1
418	Yolmo	GIVE	1447	tér			to give	1447	GIVE	1
419	Yolmo	PLATE	480	tèrma			plate	480	PLATE	2
420	Yolmo			tórma			a small statue  made of rice and offered to  the gods		???	
422	Yolmo			tòkpa			upper part of foot		???	
423	Yolmo	EMPTY	1624	tòŋba			empty	1624	EMPTY	2
424	Yolmo	FACE	1560	tòŋba			face	1560	FACE	2
425	Yolmo	NARROW	1267	tòŋbu			narrow	1267	NARROW	2
426	Yolmo	TREE	906	tòŋbo			tree	906	TREE	2
428	Yolmo	BEFORE	1882	tòŋla			before	1882	BEFORE	2
429	Yolmo			tòtʃe			a traditional Tibetan blouse worn by women		???	
430	Yolmo	BEAR	1820	tòm			bear	1820	BEAR	2
431	Yolmo			tóryaŋ			sponge  gourd		???	
432	Yolmo	HOLE	1667	tòlbo			hole	1667	HOLE	2
433	Yolmo			tòo			indication a distance that is far but still visible		???	
434	Yolmo			tòo			to put down	998	PUT	4
435	Yolmo			toóʒi			a hoe	284	HOE	3
437	Yolmo			tòodi			a distant, but still visible item	1406	FAR	4
438	Yolmo	BE HUNGRY	1533	tóoba			hungry	1533	BE HUNGRY	2
439	Yolmo	ROPE	1218	thákpa			rope	1218	ROPE	2
440	Yolmo	REST	168	tháŋ sál			to rest	168	REST	1
441	Yolmo			thál			numeral classifier, used only for  emphasis of number		???	
442	Yolmo	DIRT	25	thálbi			dirt	25	DIRT	2
443	Yolmo	SECOND	1384	thála			second	1384	SECOND	2
444	Yolmo	DUST	2	thála			dust	2	DUST	2
445	Yolmo	DRINK	1401	thúŋ			to drink	1401	DRINK	1
446	Yolmo			thútʃe tʃhée			thank you		???	
447	Yolmo	MEET	1831	thú			to meet	1831	MEET	1
448	Yolmo	STRAIGHT	1404	théka			straight	1404	STRAIGHT	2
449	Yolmo	HEAR	1408	thé			to hear	1408	HEAR	1
450	Yolmo	GO OUT	1107	thén			to go out	1107	GO OUT	1
451	Yolmo			thén			to stretch something		???	
452	Yolmo	SHORT	1645	théemi			short	1645	SHORT	2
454	Yolmo	SEE	1409	thóŋ			to see	1409	SEE	1
455	Yolmo			thóŋ			to be seen		???	
456	Yolmo			thó			to cradle	2946	CRADLE	4
458	Yolmo	ABOVE	1741	thóla			above	1741	ABOVE	2
459	Yolmo	TAKE	1749	thóo			to take	1749	TAKE	1
460	Yolmo	JOIN	1743	thí			to join	1743	JOIN	1
461	Yolmo	KETTLE	854	thíbri			kettle	854	KETTLE	2
462	Yolmo			thúkpa			a thick porridge made from rice or ground millet		???	
463	Yolmo			dà			bow and arrow		???	
464	Yolmo			dàkla			raisin		???	
465	Yolmo			dàg			base of a tree, used only for trees		???	
466	Yolmo	MOON	1313	dàgarmu			moon	1313	MOON	2
467	Yolmo	YESTERDAY	1174	dàŋ			yesterday	1174	YESTERDAY	2
468	Yolmo			dàŋ tèriŋ			nowadays		???	
469	Yolmo			dàŋ			to have enough of something		???	
471	Yolmo			dàpa			parcel		???	
472	Yolmo	CHOOSE	1750	dàm			to choose	1750	CHOOSE	1
473	Yolmo			dàri			carpet		???	
474	Yolmo	HERE	136	dàla			here	136	HERE	2
475	Yolmo			dàsain mèndo			marigold		???	
476	Yolmo	LICK	319	dàa			to lick	319	LICK	1
478	Yolmo			dìnla			in front of  something		???	
479	Yolmo			dù			the copular used  something is new to the  speaker		???	
480	Yolmo			dùp			incense		???	
481	Yolmo			dènɖa			to do something in this way		???	
482	Yolmo			dèlegi			from there		???	
483	Yolmo	COUNTRY	1300	dèʃ			country	1300	COUNTRY	2
484	Yolmo	COIN	1867	dèk			coin	1867	COIN	2
485	Yolmo	TOUCH	1892	dèe			to touch	1892	TOUCH	1
486	Yolmo			nà			to be sore or ill	1847	SICK	3
487	Yolmo	BLACK	163	nàkpu			black	163	BLACK	2
488	Yolmo	DAY AFTER TOMORROW	1179	nàŋ dìna			the day after tomorrow	1179	DAY AFTER TOMORROW	1
489	Yolmo	BEGGAR	1934	náŋgandi			beggar	1934	BEGGAR	2
490	Yolmo			náŋ			to ask for something, polite form		???	
491	Yolmo	TOMORROW	1329	nàŋbar			tomorrow	1329	TOMORROW	2
492	Yolmo			náŋma			Buddhist		???	
493	Yolmo			nàŋma			the inner layer of a basket		???	
496	Yolmo	SHOP	746	dógan			shop	746	SHOP	2
497	Yolmo			dòp			bushland		???	
498	Yolmo	NASAL MUCUS (SNOT)	208	nápʃal			snot, or  nasal mucus	208	NASAL MUCUS (SNOT)	4
500	Yolmo	WHEN	1238	nàm			when	1238	WHEN	2
502	Yolmo	EARLY	672	nàm súmu			early	672	EARLY	2
503	Yolmo	EAR	1247	námdzo			ear	1247	EAR	2
504	Yolmo	DIRTY	1230	námda			dirty	1230	DIRTY	2
505	Yolmo			námli			headstrap		???	
506	Yolmo	NOSE	1221	náasum			nose	1221	NOSE	2
507	Yolmo			náaso			a gift	2982	GIFT	3
508	Yolmo			ní			adds politeness to the utterance		???	
511	Yolmo			núŋtʃa			an idea		???	
512	Yolmo	OIL (ORGANIC SUBSTANCE)	1484	núm			oil	1484	OIL (ORGANIC SUBSTANCE)	2
513	Yolmo			nùrpu			diamond		???	
514	Yolmo			nùrma			a type of alcoholic drink		???	
515	Yolmo			néki			a smaller cooking pot, often made of bronze		???	
516	Yolmo	SING	1261	nèn			to sing	1261	SING	1
518	Yolmo	OAT	60	née			oats	60	OAT	2
519	Yolmo			née kór			pilgrimage		???	
520	Yolmo	THINK	2271	née			to think	2271	THINK	1
522	Yolmo			néesa			a resting place near a road		???	
523	Yolmo	SPOIL (SOMEBODY OR SOMETHING)	92	nòŋ			to spoil	92	SPOIL (SOMEBODY OR SOMETHING)	1
524	Yolmo	SHARP	1396	nómbo			sharp	1396	SHARP	2
525	Yolmo	YOUNGER SISTER	1761	nòmo			younger sister	1761	YOUNGER SISTER	2
526	Yolmo			nòrgunma			the Hindu goddess Laxmi, as  worshiped by some Yolmo  people		???	
527	Yolmo	YOUNGER BROTHER	1760	nòo			younger brother	1760	YOUNGER BROTHER	2
529	Yolmo	SIDE	682	páʈi			side	682	SIDE	2
530	Yolmo	COW	1007	pàlaŋ			cow	1007	COW	2
531	Yolmo			pàk			dumpling		???	
532	Yolmo	MOTORCYCLE	638	pàkpa			motorbike	638	MOTORCYCLE	2
533	Yolmo			pàkpe tsámba			wheat flour		???	
534	Yolmo			pàka			married		???	
535	Yolmo			páŋdza			grassy field		???	
536	Yolmo	WET	1726	pàŋpaŋba			wet	1726	WET	2
537	Yolmo			pádi kàŋ			one  thousand	1843	THOUSAND	4
538	Yolmo			pádi tʃú			ten  thousand	2078	TEN THOUSAND	4
539	Yolmo			pánbu			the rim of a  basket		???	
540	Yolmo	DRAGONFLY	2352	pánima bù			 dragonfly	2352	DRAGONFLY	4
541	Yolmo	BARK	1204	pába			tree bark	1204	BARK	2
542	Yolmo	BETWEEN	689	pàrkila			between	689	BETWEEN	2
543	Yolmo			pár			to light a candle		???	
544	Yolmo	ROOF	769	páli			roof	769	ROOF	2
545	Yolmo	FROG	503	pàlba			frog	503	FROG	2
546	Yolmo	SPINACH	975	páluŋ tséma			spinach	975	SPINACH	4
547	Yolmo			pásagi tséma			mustard greens		???	
548	Yolmo	HOLD	1448	pàa			to hold	1448	HOLD	1
549	Yolmo	WEDDING	1259	pàama			wedding	1259	WEDDING	4
551	Yolmo			pí			to take off	1755	UNDRESS	4
554	Yolmo	BIRD	937	píʈuli			bird	937	BIRD	2
555	Yolmo	PORCUPINE	2510	pìtiri			porcupine	2510	PORCUPINE	2
556	Yolmo	STOOL	2058	pírka			stool	2058	STOOL	2
557	Yolmo			pírma			semolina		???	
558	Yolmo	STRAW	2299	páral			straw	2230	UNTAMED OR WILD	2
559	Yolmo			pìru			coral, or a necklace made of coral	668	ROCK	4
560	Yolmo	SMALL	1246	pìru			small	1246	SMALL	2
561	Yolmo	SON	1620	pù			son	1620	SON	2
562	Yolmo			pùŋga			mustard		???	
563	Yolmo			pùzi			a wooden tumbler  with lid specifically for raksi		???	
564	Yolmo			póŋ			jar		???	
565	Yolmo			pòtsi			gills	1916	GILL	4
566	Yolmo			pótrika			magazine		???	
567	Yolmo	DAUGHTER	1357	pòmo			daughter	1357	DAUGHTER	2
568	Yolmo			pòrtsa			bamboo matting		???	
569	Yolmo	LEAVE	1752	pòr			leave	1752	LEAVE	2
570	Yolmo			póldum			pants	809	TROUSERS	4
572	Yolmo	NEAR	1942	pòla			near	1942	NEAR	2
573	Yolmo			pùmba			a metal jug  with a thin spout		???	
574	Yolmo	DO	813	pè			to do	813	DO	1
575	Yolmo			pé bùr			censer		???	
576	Yolmo	WOMAN	962	pèmpiʒa			woman	962	WOMAN	2
577	Yolmo			pèe			Tibet, more specifically, Lhasa		???	
578	Yolmo	WIFE	1199	pèemi			wife	1199	WIFE	2
579	Yolmo			pò			to come out		???	
580	Yolmo			pyáŋ			to hang  something		???	
581	Yolmo			pyàk			parcel		???	
582	Yolmo			pràŋ			molasses, or any  sweet sticky substance from  trees; honey	942	HONEY	4
583	Yolmo	CHEST	1592	pràŋbu			chest	1592	CHEST	2
584	Yolmo			pràŋdʒa			a hug	928	EMBRACE	4
586	Yolmo	WRITE	1672	prù			to write	1672	WRITE	1
587	Yolmo	SNAKE	730	prùl			snake	730	SNAKE	2
589	Yolmo			pháŋ			to hold in one's arms		???	
590	Yolmo			pháŋba			crossed arms or lap		???	
591	Yolmo			pháp			yeast for brewing		???	
592	Yolmo			prèka			a stick	1295	STICK	3
593	Yolmo			préken			a larger monkey, with a white face		???	
594	Yolmo	TASTE (SOMETHING)	21	prèe tà			to taste	21	TASTE (SOMETHING)	1
595	Yolmo			prò			to fall out		???	
596	Yolmo			phártshúr			this way  and that way		???	
597	Yolmo	PUMPKIN	864	phársi			pumpkin	864	PUMPKIN	2
598	Yolmo	WOLF	522	phára			wolf	522	WOLF	2
599	Yolmo			phálgi			beaten rice		???	
600	Yolmo	FRUIT	1507	phálphul			fruit	1507	FRUIT	2
602	Yolmo	BAT	1793	phábaŋ			bat	1793	BAT	2
603	Yolmo	BUTTERFLY	1791	phár			butterfly	1791	BUTTERFLY	2
604	Yolmo			phíma			the outer basket  in a double layered basket		???	
605	Yolmo	JUMP	1829	phír			to jump	1829	JUMP	1
608	Yolmo			phúmba			a large clay jug		???	
610	Yolmo	BELLY	1251	phò			belly	1251	BELLY	2
612	Yolmo	HALF	816	phé			half	816	HALF	2
613	Yolmo	SOAP	788	phóoʃop			soap	788	SOAP	2
614	Yolmo			phyá			to wipe something		???	
615	Yolmo	BROOM	245	phyáma			broom	245	BROOM	2
616	Yolmo			phró			to snatch		???	
617	Yolmo			bàamen			Brahmin		???	
618	Yolmo	WEDDING	1259	bìha			wedding	1259	WEDDING	4
619	Yolmo	WALL (OF HOUSE)	933	bìta			wall	933	WALL (OF HOUSE)	2
621	Yolmo	CATERPILLAR	2247	bù sìkpa			caterpillar	2247	CATERPILLAR	2
624	Yolmo	AUBERGINE	1146	bènda			eggplant	1146	AUBERGINE	2
625	Yolmo	GARDEN	586	bàri			garden	586	GARDEN	2
626	Yolmo			bàrbari mèndo			mint		???	
627	Yolmo			bàr tòŋbo			a banyan tree		???	
628	Yolmo			bèlala			at the time, not commonly used		???	
629	Yolmo	VERY	1311	bèsari			very	1311	VERY	2
631	Yolmo			bòɖa			kidney beans		???	
632	Yolmo	RICE	926	brèe			uncooked rice	926	RICE	2
633	Yolmo			mànɖi			a blanket	806	BLANKET	3
634	Yolmo	LOVE	923	màya			love	923	LOVE	2
637	Yolmo			máŋra			facial hair		???	
639	Yolmo			mádi			comparison		???	
640	Yolmo			n			two  hundred	2676	TWO HUNDRED	4
641	Yolmo	IF	1459	máni			if	1459	IF	2
642	Yolmo			màni			ritual prayer		???	
643	Yolmo			màr			butter; ghee	1245	BUTTER	4
644	Yolmo	DOWN	1326	màr			down	1326	DOWN	2
645	Yolmo	NUT	191	mártsi			chilli	191	CHILI PEPPER	2
646	Yolmo	RED	156	màrmu			red	156	RED	2
647	Yolmo	CARROT	3085	màrmu làbu			carrot	3085	CARROT	2
648	Yolmo	PERSON	683	mì			person	683	PERSON	2
649	Yolmo	EYEBROW	1173	mítsa			eyebrow	1173	EYEBROW	2
651	Yolmo	TICK	1527	míli ʃíi			tick	1527	TICK	2
652	Yolmo			míliŋ tséma			bamboo shoots	2494	BAMBOO SHOOT	4
653	Yolmo			mílim			smaller bamboo, often used in basket weaving		???	
654	Yolmo			mílam			a dream	2374	DREAM	3
655	Yolmo	EYE	1248	míi			eye	1248	EYE	2
656	Yolmo			míikʃél			reading glasses		???	
657	Yolmo			míima			a smaller bamboo treated and split into  thinner strips for basket  weaving		???	
659	Yolmo	FOREHEAD	123	múrtsa			forehead	123	FOREHEAD	2
660	Yolmo	RUB	1449	múr			to rub	1449	RUB	1
661	Yolmo	CHEW	321	mùr			chew	321	CHEW	2
663	Yolmo	FIRE	221	mè			fire	221	FIRE	2
664	Yolmo			mè			the negative form of yè, the existential copula		???	
665	Yolmo			mèke			the negative form of yèke, the past tense  form of the existential copula		???	
666	Yolmo			mèʈo			the negative  form of yèʈo, the uncertain  existential copula		???	
667	Yolmo	MEDICINE	1372	mén			medicine	1372	MEDICINE	2
668	Yolmo	BOWL	1530	mèndʒa			bowl	1530	BOWL	2
669	Yolmo			mènda			numeral classifier, used only for people		???	
670	Yolmo	FLOWER	239	mèndo			flower	239	FLOWER	2
671	Yolmo			ména			cumin		???	
673	Yolmo			mài			a female  buffalo		???	
674	Yolmo	BUFFALO	934	mài rágo			buffalo	934	BUFFALO	2
675	Yolmo	BAD	1292	màiba			bad	1292	BAD	2
676	Yolmo			mòomo			a small  dumpling		???	
678	Yolmo	SHY	487	ŋòtʃha			shy	487	SHY	2
679	Yolmo	SOCK	1522	mòdza			sock	1522	SOCK	2
680	Yolmo			yíp			to hide something and trick someone		???	
681	Yolmo	GRANDMOTHER	1496	yíbi			grandmother	1496	GRANDMOTHER	2
682	Yolmo	TURN	1588	yìr			to turn	1588	TURN	1
683	Yolmo	COURTYARD	4	yíldo			courtyard	4	COURTYARD	2
684	Yolmo			yùŋga			saffron; turmeric	2842	TURMERIC	4
685	Yolmo	SHAKE	1909	yúŋ			to shake	1909	SHAKE	1
686	Yolmo			yù			to stroll		???	
687	Yolmo			yùr			to turn soil		???	
688	Yolmo	VILLAGE	930	yùl			village	930	VILLAGE	2
689	Yolmo	YAK	2477	yák			yak	2477	YAK	2
690	Yolmo			yáŋdi			something that is light of weight		???	
691	Yolmo			yàmbi			moment		???	
692	Yolmo			yàrla			above something		???	
693	Yolmo			yálo tséema			a leafy green vegetable		???	
694	Yolmo	GOOD	1035	yàabu			good	1035	GOOD	2
695	Yolmo	LETTER	1612	yìgi			letter	1612	LETTER	2
696	Yolmo	ALL	98	yìndze mìndze			everything	98	ALL	2
697	Yolmo			yìndzo			from there		???	
699	Yolmo			yè			the existential  copula		???	
700	Yolmo			yèke			the past tense  form of the existential copula		???	
701	Yolmo			yèʈo			the existential  copula for uncertainty		???	
702	Yolmo			yèndʒap phúl			 seven small metal bowls filled with water placed on an alter  as an offering to the gods		???	
703	Yolmo	GOAT	1502	rà			goat	1502	GOAT	2
704	Yolmo	FIGHT	1423	rà			fight	1423	FIGHT	2
705	Yolmo	AND	1577	ráŋ			and	1577	AND	2
708	Yolmo	LOOM	1787	ràʈa			loom	1787	LOOM	2
709	Yolmo			ràpalaŋ			mulberry		???	
710	Yolmo	NOODLE	973	rára			noodles	973	NOODLE	2
711	Yolmo	LIKE	1117	ràra			like	1117	LIKE	2
712	Yolmo			rál			to tear something		???	
713	Yolmo			ràlràlba			moment		???	
714	Yolmo			yée			an exclamation of  mild surprise		???	
715	Yolmo	COOK (SOMETHING)	1100	yò			to cook	1100	COOK (SOMETHING)	1
716	Yolmo			yóndo			a stick with a cloth covered head used to  push grain into the thresher		???	
719	Yolmo	FOREST	420	rì			forest	420	FOREST	2
720	Yolmo	YAM	410	rì hée			yam	410	YAM	2
721	Yolmo	LONG	1203	rìŋbu			long	1203	LONG	2
722	Yolmo	ANIMAL	619	rìda			animal	619	ANIMAL	2
723	Yolmo			rìmbur tʃhé			a reincarnate lama		???	
724	Yolmo			ríl			to cause to fall		???	
726	Yolmo	GATHER	7	rùp			to gather	7	GATHER	1
727	Yolmo			rùl			to rot	2907	ROT	1
728	Yolmo	ROTTEN	1728	rùlrulba			rotten	1728	ROTTEN	2
729	Yolmo			rùsusus			driftingly, Tf		???	
730	Yolmo	MOUNTAIN	639	là			mountain	639	MOUNTAIN	2
731	Yolmo	HAND	1277	làkpa			hand	1277	HAND	2
733	Yolmo			réndza			soybeans		???	
734	Yolmo			rèeree			one each		???	
735	Yolmo			láŋ			to pick  something up		???	
736	Yolmo			làŋ			to stand; to  rise	1442	STAND	3
738	Yolmo			làp			to say  something		???	
739	Yolmo			làpna			conditional  marker		???	
740	Yolmo	CHEESE	1569	làba			cheese	1569	CHEESE	2
741	Yolmo	RADISH	2365	làbu			radish	2365	RADISH	4
743	Yolmo			láma			Lama, a Buddhist priest		???	
745	Yolmo	CUCUMBER	496	lásii			cucumber	496	CUCUMBER	2
746	Yolmo	ARRIVE	1387	lép			to arrive	1387	ARRIVE	1
747	Yolmo	FLAT	1633	lépʈa			flat	1633	FLAT	2
748	Yolmo	BRAIN	1583	lépa			brain	1583	BRAIN	2
749	Yolmo			lée			convincing		???	
750	Yolmo			ló			reported speech particle, used to mark what has been said		???	
751	Yolmo	YEAR	1226	lò			year	1226	YEAR	2
752	Yolmo	COME BACK	581	lò			to return	581	COME BACK	1
753	Yolmo			lòŋ			to break even, come out even		???	
754	Yolmo	COUGH	879	lópkyal			cough	879	COUGH	2
755	Yolmo	LEARN	504	lóp			to learn	504	LEARN	1
756	Yolmo	SHEEP	1331	lù			sheep	1331	SHEEP	2
757	Yolmo			lúŋdar			prayer flags		???	
758	Yolmo	SPINE	805	lùŋso			spine	805	SPINE	2
759	Yolmo			lú			to put into		???	
760	Yolmo			lùndi			jackal		???	
762	Yolmo			lékam			sandals		???	
763	Yolmo	TAKE	1749	lèn			to take	1749	TAKE	1
764	Yolmo			lóma			a winnowing tray		???	
766	Yolmo	GOD	1944	lhá			god	1944	GOD	2
767	Yolmo	WIND	960	lhába			wind	960	WIND	2
768	Yolmo			lháma			stale		???	
769	Yolmo			lhámu			goddess		???	
770	Yolmo	SOUTH	1595	lhó			south	1595	SOUTH	2
772	Yolmo	EAT	1336	sà			to eat	1336	EAT	1
773	Yolmo	SUNDAY	1699	sà ɲáma			Sunday	1699	SUNDAY	2
774	Yolmo			sàŋ dìk			a large copper cooking pot		???	
775	Yolmo			sàŋgi bàgari			a large brass pot used for  storing water and food items  such as rice		???	
776	Yolmo			ságar			whitewash		???	
777	Yolmo	NEXT YEAR	515	sáŋbi			next year	515	NEXT YEAR	2
778	Yolmo	SATURDAY	1700	sà pémba			Saturday	1700	SATURDAY	2
779	Yolmo	TUESDAY	1695	sà mìŋmar			Tuesday	1695	TUESDAY	2
780	Yolmo	WEDNESDAY	1694	sà lhákpa			Wednesday	1694	WEDNESDAY	2
782	Yolmo	KEY	1472	sádzo			key	1472	KEY	2
783	Yolmo	WEEK	1469	sáta			week	1469	WEEK	2
784	Yolmo			sàndan			human offspring		???	
785	Yolmo	NEW	1231	sámba			new	1231	NEW	2
786	Yolmo	BRIDGE	1011	sàmba			bridge	1011	BRIDGE	2
787	Yolmo			sàru			a type of bird		???	
788	Yolmo			sàl			to converse		???	
789	Yolmo	CLEAN (SOMETHING)	2235	sál			to clean	2235	CLEAN (SOMETHING)	1
790	Yolmo	FOOD	256	sàse			food	256	FOOD	2
791	Yolmo	BURN	2102	sáa			to burn	2102	BURN	1
792	Yolmo			sì			a necklace made of coral worn by men		???	
793	Yolmo			sìnda			hectic		???	
795	Yolmo			síniŋ			two years ago		???	
797	Yolmo			síiɖi			red clay used to  make floors and coat walls		???	
799	Yolmo	AMULET	2804	súŋa			amulet	2804	AMULET	2
800	Yolmo	THREE	492	súm			three	492	THREE	2
801	Yolmo	THIRD	1859	súmba			third	1859	THIRD	2
802	Yolmo			súr			to put into something close fitting		???	
803	Yolmo	NEAR	1942	sùrla			near	1942	NEAR	2
804	Yolmo	EMBERS	67	sùla			embers	67	EMBERS	2
805	Yolmo			sùli			a stack of corn, elevated and left to dry		???	
806	Yolmo	KILL	1417	sé			to kill	1417	KILL	1
807	Yolmo			sè			a thing	738	THING	3
808	Yolmo	KILL	1417	séter			to kill	1417	KILL	1
809	Yolmo	SEED	714	sén			seed	714	SEED	2
810	Yolmo			sébi			two years ahead		???	
812	Yolmo	GOLD	1369	sér			gold	1369	GOLD	2
813	Yolmo			sérki			golden		???	
815	Yolmo	HAIL	609	séra			hail	609	HAIL	2
816	Yolmo			sèe			prepare to receive		???	
817	Yolmo	MIX	2017	sée			mix	2017	MIX	2
818	Yolmo	ANIMAL	619	sémdzen			animal	619	ANIMAL	2
819	Yolmo			ʃáŋ			to churn  buttermilk		???	
822	Yolmo	GREASY	955	ʃàk			greasy	955	GREASY	2
824	Yolmo			ʃáma			afterbirth		???	
825	Yolmo			só			to raise	1317	RAISE	1
826	Yolmo			sòtor			fern		???	
827	Yolmo			sòmba			traditional long boots made of cloth and  leather, still worn for special  occasions		???	
828	Yolmo	BE ALIVE	1422	sómbo			alive	1422	BE ALIVE	2
829	Yolmo	NIT	267	sóma			louse egg	267	NIT	2
831	Yolmo	SHINE	708	ʃár			to shine, as the  sun	708	SHINE	3
833	Yolmo	GO OUT	1107	ʃál			to exit	1107	GO OUT	1
834	Yolmo	FRUIT	1507	ʃíŋɖo			fruit	1507	FRUIT	2
835	Yolmo	DIE	1494	ʃí			to die	1494	DIE	1
836	Yolmo	SIT	1416	ʃù			to sit, honorific	1416	SIT	3
837	Yolmo			ʃùkpa			incense		???	
838	Yolmo	ENTER	749	ʃùu			to enter	749	ENTER	1
840	Yolmo			ʃé kyàŋ			to stretch one's limbs		???	
841	Yolmo	EAST	1877	ʃér			east	1877	EAST	2
842	Yolmo	KNOW (SOMETHING)	1410	ʃée			to know	1410	KNOW (SOMETHING)	1
843	Yolmo			ʃò			curd		???	
844	Yolmo			ʃò			to brush	3109	BRUSH (TEETH)	3
845	Yolmo			ʃó			the imperative  of 'come'		???	
847	Yolmo			ʃór			to get out		???	
848	Yolmo			ʃáa			to split by cutting or sawing		???	
849	Yolmo	SKIRT	1600	ʃàama			skirt	1600	SKIRT	2
850	Yolmo	FOUR	1500	ʃì			four	1500	FOUR	2
851	Yolmo			ʃí khú			smaller white lice		???	
852	Yolmo	HUNT	1435	ʃíkar tsá			to hunt	1435	HUNT	1
853	Yolmo	FARM	201	ʃìŋ			farm	201	FARM	2
854	Yolmo	ANGER	82	ʃìtaŋ			anger	82	ANGER	2
855	Yolmo			ʃìba			fourth		???	
856	Yolmo	BEAN	832	ʃími			beans	832	BEAN	2
857	Yolmo	TASTY	1813	ʃìmbu			tasty	1813	TASTY	2
859	Yolmo	DEAD	1625	ʃíba			dead	1625	DEAD	2
860	Yolmo			ʃíka			a rupee		???	
862	Yolmo	WOOD	1803	ʃíŋ			wood	1803	WOOD	2
863	Yolmo	CHESTNUT TREE	1009	ʃíŋgar			chestnut tree	1009	CHESTNUT TREE	4
864	Yolmo	DUCK	1360	ʃóo			duck	1360	DUCK	2
865	Yolmo			yìmba			copula verb		???	
866	Yolmo			húŋgar			horse radish		???	
867	Yolmo	POTATO	593	hée			potato	593	POTATO	2
868	Yolmo			òm			to convince, to  woo		???	
870	Yolmo			òrta			a fence	1690	FENCE	3
871	Yolmo			òraŋ			first person  plural inclusive		???	
872	Yolmo			hòbrakpa			red  panda		???	
873	Yolmo			ònɖa			that way		???	
#	612/873	70%							

