ID	DOCULECT	CONCEPT	CONCEPTID	TRANSCRIPTION	SEGMENTS	COGID	GLOSS
1	Yolmo	BITE	1403	á táp			to bite
2	Yolmo			águu			father's younger  brother
3	Yolmo			águu tʃómbo			 father's elder brother
4	Yolmo			áŋ			also
5	Yolmo			áŋ			also
6	Yolmo			átʃha			exclamation
7	Yolmo			ádzi			elder sister
8	Yolmo	OLDER BROTHER	1759	áda			older brother
9	Yolmo			áni			father's younger sister
10	Yolmo	AND	1577	áni			and
11	Yolmo			áni tʃómbo			father's elder sister
12	Yolmo	FATHER	1217	ába			father
13	Yolmo	MOTHER	1216	áma			mother
14	Yolmo			àmbak			guava
15	Yolmo			árak			a strong alcohol
16	Yolmo			áru			a large clay jug
17	Yolmo			ál			a lake
18	Yolmo			áʃaŋ			uncle; mother's younger brother
19	Yolmo			áʃaŋ tʃómbo			uncle; mother's elder brother
20	Yolmo	ASPARAGUS	2605	íbi rère			asparagus
21	Yolmo			ìnar			large well
22	Yolmo	COVER	761	úp			to cover
23	Yolmo	OWL	735	úpa			owl
24	Yolmo	FLY (MOVE THROUGH AIR)	1441	ùr			to fly
25	Yolmo			úu phér			to  breathe
26	Yolmo			[érmaŋ			Szechuan  pepper, a plant, leaves used in  cooking and medicine
27	Yolmo			ée			call used to attract a  person's attention
28	Yolmo	COME	1446	òŋ			to come
29	Yolmo			òŋge			copula verb,  general fact copula used when  the clause is general and accepted knowledge
30	Yolmo			òzeraŋ			enough ; that much
31	Yolmo			òm			to convince or woo somebody
32	Yolmo			òma			milk; breast
33	Yolmo			[òrta			a fence
34	Yolmo	THAT	78	òodi			that
35	Yolmo			òodigi pèdi			therefore
36	Yolmo			òolegi			and then
37	Yolmo	LEG	1297	káŋba			leg
38	Yolmo	THIGH	800	y úh [káŋba láʃa			thigh
39	Yolmo			káti			a nail
40	Yolmo			kátha			a dagger
41	Yolmo			o			invocation
42	Yolmo	THERE	1937	òo			there, indicating a distance
43	Yolmo			óokel			a mortar and  pestle used for pounding rice  into flour
44	Yolmo	OPEN	1156	kà			open
45	Yolmo	LIKE	1117	kà			like
46	Yolmo	OPEN	1156	kà pè			to open
47	Yolmo	SHAWL	2771	káito			shawl
48	Yolmo	LEMON	3091	kágati			lemon
49	Yolmo	HILL	614	kàŋ			hill
50	Yolmo			kàŋ			to fill up
51	Yolmo	HOW	1239	kàn pèdi			how, pertaining to action
52	Yolmo			kántʃi			younger or youngest
53	Yolmo	HOW	1239	kànɖa			how, in which  way
54	Yolmo	WHICH	727	kàndi			which
55	Yolmo	HOW	1239	kànmu			how, describing physical property
56	Yolmo	OLD	1229	kàpu			old, animate
57	Yolmo	DRY	1398	kám			to dry
58	Yolmo	DRY	1398	kámbu			dry
59	Yolmo			kàmbu			a bottle
60	Yolmo	STEEP	2717	káma			steep
61	Yolmo			káma			uphill
62	Yolmo			káyu			small ceramic cup
63	Yolmo			kár			to trick
64	Yolmo			kár			to weigh something
65	Yolmo	BELT	772	kára			belt, or cloth wrapped around the waist
66	Yolmo			káray			a pot for cooking made of iron
67	Yolmo	BARLEY	932	káru			barley
68	Yolmo	KNIFE	1352	kárta			knife
69	Yolmo	SPICY	544	kárpa			spicy
70	Yolmo			kárma			minute
71	Yolmo	STAR	1430	kárma			star
72	Yolmo	GO	695	kàl			to go, perfective aspect
73	Yolmo			kàlda			a jug for water; a bag
74	Yolmo	WHERE	1237	kàla			where
75	Yolmo			kálam			a pen, for writing
76	Yolmo			káa			to stop
77	Yolmo	OR	1014	kí			or
78	Yolmo	BOOK	963	kítab			book
79	Yolmo			kípa			caste
80	Yolmo	FLEA	232	kíʃi			flea
81	Yolmo	TIE	1917	kíi			to bind
82	Yolmo			kú			to rub in
83	Yolmo	NINE	1483	kù			nine
84	Yolmo	ELBOW	981	kúŋ dzùŋ			elbow
85	Yolmo			kúŋga			holder for butter candles
86	Yolmo	NIGHT	1233	kùŋmu			night
87	Yolmo			kùba			ninth
88	Yolmo	THIEF	1160	kúmen			thief
89	Yolmo			kùr pè			to bend over
90	Yolmo	CHAIR	1476	kúrtʃi			chair
91	Yolmo	SUGAR CANE	146	kùrʃiŋ			sugarcane
92	Yolmo			kùl			a spirit that lives in the family home
93	Yolmo			kùlba			slow; late
94	Yolmo	HAT	771	kúʃa			hat, honorific
95	Yolmo	WAIT (FOR)	1590	kúu			to wait
96	Yolmo	VISIT	1377	ké			to visit
97	Yolmo	HIP	1745	képha			hip
98	Yolmo	TONGS	272	kémba			tongs
99	Yolmo	SPLIT	1437	kèe			split
100	Yolmo	CALL	1084	kée kyàp			to call
101	Yolmo	LAUGH	1355	kéemu kyàp			to laugh
102	Yolmo	DIG	1418	kó			to dig
103	Yolmo			kò			to need
104	Yolmo	DOOR	1567	kò			door
105	Yolmo	GARLIC	2368	kòkpa			garlic
106	Yolmo			kòga			kitchen; a fireplace
107	Yolmo	CROUCH	296	kòŋ			to crouch
108	Yolmo			kòtaraŋ			including
109	Yolmo	WEAR	976	kòn			to wear
110	Yolmo	SHOE	1381	kòpʃa			shoes
111	Yolmo	TEMPLE	911	kòmba			temple
112	Yolmo	MOUTH	674	khá			mouth
113	Yolmo	THIRSTY	847	kómsin			thirsty
114	Yolmo	BASKET	1539	kòrko			basket
115	Yolmo			kór			to walk around
116	Yolmo	ROUND	1395	kòrmo			round
117	Yolmo	LOCK	1596	kòldʒa			lock
118	Yolmo			kòlo tséema			 leafy green vegetable
119	Yolmo			kòlmo			a lake
120	Yolmo	CHIN	1510	kóoma			chin
121	Yolmo	PORCUPINE	2510	kóhar			porcupine
122	Yolmo	CAULIFLOWER	2843	kaulikopi			cauliflower
123	Yolmo	CLOTH	1616	krému			scarf
124	Yolmo	BED	1663	kháʈ			bed
125	Yolmo	NEEDLE (FOR SEWING)	1382	kháp			needle
126	Yolmo	DAY BEFORE YESTERDAY	1180	khárnup			the day before yesterday
127	Yolmo	TWENTY	1710	kháldʒi			twenty
128	Yolmo			kháldʒi tʃíi			 twentyone
129	Yolmo			kháldʒi súm			 twenty three
130	Yolmo	HEALTHY	1364	kháldʒo			health
131	Yolmo	POCKET	1851	khálɖi			pocket
132	Yolmo	DOG	2009	khí			dog
133	Yolmo	PIN	64	khíp			pin
134	Yolmo	CATERPILLAR	2247	khíba			caterpillar
135	Yolmo	HOUSE	1252	khím			house
136	Yolmo	KIDNEY	489	khálma			kidney
137	Yolmo	EIGHTY	1722	khálʃi			eighty
138	Yolmo	SIXTY	1718	khálsum			sixty
139	Yolmo	CAN	1051	khú			can
140	Yolmo	HOOF	152	khúr			hoof
141	Yolmo			khúr			to carry something
142	Yolmo	BREAD	1368	khúra			bread
143	Yolmo	BITTER	887	khéndi			bitter
144	Yolmo			khéndi kòrilo			zucchini
145	Yolmo			khér			to take away, take with
146	Yolmo	DARK	706	gàɖa			dark
147	Yolmo			gàndzi			singlet
148	Yolmo			gàram mèna			garam masala
149	Yolmo	FIVE	493	ŋá			five
150	Yolmo	MALE	1553	khó			third person singular, male
151	Yolmo	ROOM	1450	khópi			room
152	Yolmo	TATTOO	68	khóp tíba			tattoo
153	Yolmo	VISIT	1377	khór			to visit
154	Yolmo			khólmo			a small well
155	Yolmo			gèd pále			gate  keeper
156	Yolmo	RHINOCEROS	2591	gèda			rhinoceros
157	Yolmo	HEAD	1256	gòo			head
158	Yolmo	GLASS	604	glàs			glass
159	Yolmo			ŋóŋ			egg of a reptile or  fish
160	Yolmo	ROAST (SOMETHING)	1962	ŋó			to roast
161	Yolmo	FAECES (EXCREMENT)	675	kyákpa			feces
162	Yolmo	SHIT (DEFECATE)	676	á 			to defecate
163	Yolmo	MILLET	931	kyàgar			millet
164	Yolmo	FLOAT	1574	kyá			to float
165	Yolmo	BACK	1291	kyàp			back
166	Yolmo	CLOSED	589	kyàp			closed
167	Yolmo	FALL	1280	kyàp			to fall
168	Yolmo	BEHIND	1686	kyàpla			behind
169	Yolmo			ŋába			fifth
170	Yolmo	SWEET	717	ŋàrmu			sweet
171	Yolmo	CRY	1839	ŋù			to cry
172	Yolmo	SILVER	759	ŋùl			silver
173	Yolmo	FOREIGN	109	kyàmi			foreign
174	Yolmo			kyàsa			market; a town or city
175	Yolmo			kyáa			to feel cold
176	Yolmo	FAT (ORGANIC SUBSTANCE)	323	kyàaba			fat
177	Yolmo	VOMIT	1278	kyú			to vomit
178	Yolmo	LEAVE	1752	kyú			to leave
179	Yolmo	INTESTINES	1991	kyùma			intestines, guts and also umbilical cord
180	Yolmo			kyùma			a member of the Brahmin caste
181	Yolmo	THROW	1456	kyúr			to throw, to  drop deliberately
182	Yolmo	EIGHT	1705	kyè			eight
183	Yolmo	GIVE BIRTH	1195	kyé			to give birth
184	Yolmo			khyá			second person  plural
185	Yolmo	CHEAP	1887	khyému			cheap
186	Yolmo	WAIST	1681	kyépa			waist
187	Yolmo			kyèp			a turn or a time
188	Yolmo	CARRY	700	kyòŋ			to carry
189	Yolmo	HUSBAND	1200	khyóbo			husband
190	Yolmo	MAN	1554	khyópiʒa			man
191	Yolmo	PLACE (POSITION)	723	gyàa			place
192	Yolmo	CHICKEN	1318	tʃà			chicken
193	Yolmo	TEA	1373	tʃà			tea
194	Yolmo			gyèl			to fall over
195	Yolmo			tʃáŋ			to suffice
196	Yolmo			tʃháŋ			a flock of birds
197	Yolmo			tʃáŋgi			iron tripod put into fire for cooking pots
198	Yolmo	CLEVER	1310	tʃáŋbu			clever
199	Yolmo			tʃápal			sandals
200	Yolmo	SWIM	1439	tʃál kyàp			swim
201	Yolmo	PAY	718	tʃál			pay
202	Yolmo	IRON	621	tʃáa			iron
203	Yolmo	WHAT	1236	tʃí			what
204	Yolmo			tʃíŋ			to wear a belt
205	Yolmo	TWELVE	1707	tʃíɲi			twelve
206	Yolmo			tʃíɲiba			twelfth
207	Yolmo	BECAUSE	1157	tʃípe làpna			because
208	Yolmo	LIVER	1224	tʃímba			liver
209	Yolmo	ONE	1493	tʃíi			one
210	Yolmo			tʃíiraŋ			alone; same; lonely; only
211	Yolmo	ELEVEN	1706	tʃúdʒi			eleven
212	Yolmo			tʃúdʒiba			eleventh
213	Yolmo	SEVENTEEN	2453	tʃúptin			seventeen
214	Yolmo			tʃúp			to imprison
215	Yolmo	FOURTEEN	2451	tʃúpʃi			fourteen
216	Yolmo	THIRTEEN	1708	tʃúpsum			thirteen
217	Yolmo			tʃúba			tenth
218	Yolmo	NINETEEN	1714	tʃúrku			nineteen
219	Yolmo	FIFTEEN	1709	tʃéŋa			fifteen
220	Yolmo			tʃétʃe			mother's younger  sister
221	Yolmo			tʃétʃe tʃómbo			 mother's elder sister
222	Yolmo			tʃén			tiger; lion
223	Yolmo	HEAVY	1210	tʃéndi			heavy
224	Yolmo	SMALL	1246	tʃéemi			small
225	Yolmo	BROKEN	588	tʃhá tʃába			 broken
226	Yolmo			tʃháuki			army  barracks
227	Yolmo	HAND	1277	tʃhák			hand,  honorific
228	Yolmo			tʃháŋgela			 drunkard
229	Yolmo	BREAK (DESTROY OR GET DESTROYED)	680	tʃhá			to break
230	Yolmo	CHOOSE	1750	tʃhán			to choose
231	Yolmo	DANCE	1879	tʃhám			to dance
232	Yolmo	EGG	744	tʃèmu kòŋa			egg
233	Yolmo	EGG	744	tʃèmendo			egg
234	Yolmo			tʃóŋ			chives
235	Yolmo	RUN	1519	tʃóŋ			to run
236	Yolmo	DO	813	tʃòl			to do
237	Yolmo	STRAIGHT	1404	tʃháre			straight
238	Yolmo	NECKLACE	1961	tʃhálda			necklace
239	Yolmo			ih ŋtná [tʃhálda kyàpti			bound
240	Yolmo	URINE	1142	tʃíŋ			urine
241	Yolmo			tʃhípa			Hindu
242	Yolmo	THIN	2308	tʃìpa			thin, of people
243	Yolmo			tʃhúda			millstone
244	Yolmo	CHEESE	1569	tʃhúrpi			cheese
245	Yolmo			tʃhé			eat ; drink
246	Yolmo			tʃhép			to give to each other
247	Yolmo	LIZARD	632	tʃhépare			lizard
248	Yolmo	PUT	998	dʒàa			put
249	Yolmo			dʒàmbala			The  god of wealth, also known as  Kubur to Hindus
250	Yolmo	FINE (PENALTY)	218	dʒàmbu			fine,  small
251	Yolmo	LEAVE	1752	ʒàa			to leave
252	Yolmo	SALIVA	1503	tʃhémaŋ			saliva
253	Yolmo	GRASS	606	tʃhée			grass
254	Yolmo	ISLAND	622	tʃhó			island
255	Yolmo	LIP	478	tʃhódo			lip
256	Yolmo	BIG	1202	tʃhómbo			big
257	Yolmo			tʃhórten			stupa
258	Yolmo			dʒàra			snack
259	Yolmo	SUCK	1421	dʒìp			to suck
260	Yolmo			dʒù			to sew grain
261	Yolmo	OLD (AGED)	2112	dʒèʈi			elder
262	Yolmo	TWO	1498	ɲí			two
263	Yolmo			ɲì			first person plural exclusive
264	Yolmo	SLEEP	1585	ɲí tsé			to sleep
265	Yolmo			ɲìp			to swallow something
266	Yolmo	SECOND	1384	ɲíba			second
267	Yolmo			ɲìma			sun; day
268	Yolmo			ɲílo			to feel sleepy
269	Yolmo	FISH	227	ɲà			fish
270	Yolmo	PLAY	1413	tsá			to play
271	Yolmo			tsámba			raspberry
272	Yolmo			ɲàl			to lay  down, or to sleep
273	Yolmo	BORE	1501	ɲúŋ			drill
274	Yolmo	NORTH	1598	ɲùm			north
275	Yolmo			ɲé			to pass
276	Yolmo			ɲé			to chase
277	Yolmo			ɲén			ally, friend or relative
278	Yolmo	LISTEN	1608	ɲèn			to listen
279	Yolmo	PILLOW	1044	ɲébul			pillow
280	Yolmo			ɲér			to annoy
281	Yolmo	BUY	1869	ɲò			to buy
282	Yolmo	DIRTY	1230	ɲókpa			dirty
283	Yolmo			ɲòŋ			to suffer hardship
284	Yolmo			ɲóŋba			an insane person
285	Yolmo	ROOT	670	tsárŋi			root
286	Yolmo	SHUT	1046	tsúm			to close
287	Yolmo			tsém			to sew cloth
288	Yolmo	VEIN	1924	tsà			vein
289	Yolmo	DOWN OR BELOW	2094	tsáala			below
290	Yolmo	MOLE	1907	tsík tsíba			mole
291	Yolmo	WALL (OF HOUSE)	933	tsíkpa			wall
292	Yolmo	TONGS	272	tsímʈa			tongs
293	Yolmo	STUPID	1518	tsókpu			stupid
294	Yolmo	LATCH	1012	tsúkul			latch
295	Yolmo			tséma			a curry made of  vegetables; vegetable
296	Yolmo			tsélba			a large conical basket loosely woven for  carrying and transporting  things
297	Yolmo	SELL	1571	tsòŋ			to sell
298	Yolmo			tsóp			pickle
299	Yolmo			tsòra			a hand hoe
300	Yolmo	SALTY	1091	tshápré			salty
301	Yolmo	SALT	1274	tshá			salt
302	Yolmo	KNEE	1371	tshákpaliŋ			knee
303	Yolmo	SIDE	682	tshúr			side, this
304	Yolmo	HOT	1286	tʃùru			hot
305	Yolmo	VULTURE	1185	tshárkya			vulture
306	Yolmo	CHOKE	129	tshál			to choke
307	Yolmo			tshí			to burn with something hot
308	Yolmo			dzàge			pants
309	Yolmo			dzàti			group
310	Yolmo			dzà			to climb up
311	Yolmo			tshér			to be sad
312	Yolmo	LAZY	1564	tshérsi			lazy
313	Yolmo			tshóp			food offered during religious event
314	Yolmo			tshól			to search
315	Yolmo			tshólam			top of the head, where the hair parts
316	Yolmo			dzáberdʒasti			force
317	Yolmo	NECK	1333	dzìŋba			neck
318	Yolmo	FEAR (BE AFRAID)	1419	dzì			to fear
319	Yolmo	MAKE	734	zò			to make
320	Yolmo	HORSE	615	ʈàbu			horse
321	Yolmo			ʈálti			to patch
322	Yolmo			ʈáʃi dèle			greetings
323	Yolmo	STUDY	1929	ʈàa			to study, not commonly used
324	Yolmo			ʈàa			to recover
325	Yolmo			ʈì			to pull along
326	Yolmo			ʈíka			tika, a blessing given by placing a tika on the  forehead
327	Yolmo			zì			to get drunk
328	Yolmo			ʈá			hair on the head
329	Yolmo	ENEMY	1358	ʈà			enemy
330	Yolmo	PHEASANT	3060	ʈà			pheasant
331	Yolmo	TIE	1917	ʈà			to bind
332	Yolmo	FLAT	1633	ʈáŋga			flat
333	Yolmo	SWELL	1573	ʈáŋ			to swell
334	Yolmo	COLD	1287	ʈàŋmu			cold
335	Yolmo	MONEY	1559	ʈáŋa			money
336	Yolmo	TENT	1316	ʈáʒaŋ			tent
337	Yolmo	SCAR	497	ʈáʈe			scar
338	Yolmo			ʈáp			to winnow
339	Yolmo			ʈàba			a Buddhist monk
340	Yolmo	GET	694	dzòr			to get
341	Yolmo			ʈíŋbur			a boil
342	Yolmo			ʈìpsa			a shadow
343	Yolmo			ʈìma			aroma or smell
344	Yolmo	ASK (INQUIRE)	1309	ʈìi			to ask
345	Yolmo	SIX	1703	ʈù			six
346	Yolmo	SIXTY	1718	ʈùktʃu			sixty
347	Yolmo	GATHER	7	ʈúk			to gather
348	Yolmo			ʈùkpa			sixth
349	Yolmo	BUTTON	757	ʈúŋ			button
350	Yolmo			ʈùp kàla			joyfully, with pleasure
351	Yolmo			ʈùl			to rub in
352	Yolmo			ʈè			advice
353	Yolmo			ʈò			to read; to study
354	Yolmo	WHEAT	1077	ʈò			wheat
355	Yolmo	WARM	1232	ʈòmbo			warm
356	Yolmo			ʈókari			large basket made of bamboo
357	Yolmo	ANT	587	ʈòmaŋ			ant
358	Yolmo			ʈòlkar			the goddess known as Green Tara in Hindu culture
359	Yolmo			ʈòlma			the goddess known as White Tara in Hindu culture
360	Yolmo	SCHOOL	673	ʈòsa			school
361	Yolmo	JEALOUS	2821	ʈhádok			jealous
362	Yolmo	BILE	1780	ʈhíba			bile
363	Yolmo	KING	1508	ʈhú			ruler
364	Yolmo	WASH	1453	ʈhú			to wash
365	Yolmo	MANNER	488	ɖàŋa			manner
366	Yolmo	CHEEK	1730	ɖàmba			cheek
367	Yolmo			ɖàlo			spherical
368	Yolmo			ɖìi			to match; to fit; to go together
369	Yolmo	GRAIN	605	ɖù			grain
370	Yolmo	DRAGON	2038	ɖùk			dragon
371	Yolmo	MONEY	1559	ɖèba			money
372	Yolmo	GO	695	ɖò			to go
373	Yolmo	GUEST	1782	ɖòmbo			guest
374	Yolmo			tà			an emphatic marker
375	Yolmo	SEND	1127	táŋ			to send
376	Yolmo	THROW	1456	táŋ			to throw, to scatter
377	Yolmo	COUNT	1420	tàŋ			to count
378	Yolmo	OPEN	1156	tàŋ			to open
379	Yolmo			táŋgu			rhododendron
380	Yolmo	BEFORE	1882	tàʒi			before
381	Yolmo	NOW	1376	tàze			now
382	Yolmo	LOOK	1819	tá			to look
383	Yolmo			táp			to scatter
384	Yolmo	FALL	1280	tàp			to fall,  animate objects falling from  an abject
385	Yolmo	NOW	1376	tàpse			now
386	Yolmo			tám			language; word
387	Yolmo			tám ʃék			gossip
388	Yolmo	TIE	1917	tàm			to tie, bind or weave
389	Yolmo	AXE	677	tári			axe
390	Yolmo			tàra			buttermilk
391	Yolmo	LATE	477	tàlda			later
392	Yolmo			táa			to wear jewellery or glasses
393	Yolmo	NOW	1376	tàa			now
394	Yolmo	DEEP	1593	tì rùŋbu			deep
395	Yolmo			tíkis			a back apron, a traditional item of clothing,  worn by married women
396	Yolmo	NEXT	1354	tíŋgi			next
397	Yolmo			tíŋ			to spread something like a cloth
398	Yolmo	FOOT	1301	tíŋba			foot
399	Yolmo			tìŋal			be sad, worried or upset
400	Yolmo	WEEK	1469	tìnɖa			week
401	Yolmo			tìnba			seventh
402	Yolmo	BEE	665	típáama			bee
403	Yolmo	SMOKE (INHALE)	1689	tìpa			smoke
404	Yolmo			tén			to pull something out
405	Yolmo	GO OUT	1107	tèn			to go out
406	Yolmo	SOME	1241	tíbirere			some
407	Yolmo	NAVEL	1838	tíya			navel
408	Yolmo	LADDER	1464	téba			ladder
409	Yolmo	SESAME	2797	tíl			sesame
410	Yolmo	BURN	2102	tìi			to burn
411	Yolmo			tíip			a bee
412	Yolmo			tègini tséema			green leafy vegetable, not  grown but found in the  forests
413	Yolmo			tùŋda			a hit
414	Yolmo			tùŋ			to hit; to thresh
415	Yolmo			túŋbo dzùk			ancient
416	Yolmo	CUT	1432	túp			to cut
417	Yolmo	REMEMBER	707	é ŋyáp			to remember
418	Yolmo	GIVE	1447	tér			to give
419	Yolmo	PLATE	480	tèrma			plate
420	Yolmo			tórma			a small statue  made of rice and offered to  the gods
421	Yolmo	STONE	857	tò			stone
422	Yolmo			tòkpa			upper part of foot
423	Yolmo	EMPTY	1624	tòŋba			empty
424	Yolmo	FACE	1560	tòŋba			face
425	Yolmo	NARROW	1267	tòŋbu			narrow
426	Yolmo	TREE	906	tòŋbo			tree
427	Yolmo	FIRST	728	tòŋbo			first
428	Yolmo	BEFORE	1882	tòŋla			before
429	Yolmo			tòtʃe			a traditional Tibetan blouse worn by women
430	Yolmo	BEAR	1820	tòm			bear
431	Yolmo			tóryaŋ			sponge  gourd
432	Yolmo	HOLE	1667	tòlbo			hole
433	Yolmo			tòo			indication a distance that is far but still visible
434	Yolmo			tòo			to put down
435	Yolmo			toóʒi			a hoe
436	Yolmo	THIS	1214	tóodi			this, that
437	Yolmo			tòodi			a distant, but still visible item
438	Yolmo	BE HUNGRY	1533	tóoba			hungry
439	Yolmo	ROPE	1218	thákpa			rope
440	Yolmo	REST	168	tháŋ sál			to rest
441	Yolmo			thál			numeral classifier, used only for  emphasis of number
442	Yolmo	DIRT	25	thálbi			dirt
443	Yolmo	SECOND	1384	thála			second
444	Yolmo	DUST	2	thála			dust
445	Yolmo	DRINK	1401	thúŋ			to drink
446	Yolmo			thútʃe tʃhée			thank you
447	Yolmo	MEET	1831	thú			to meet
448	Yolmo	STRAIGHT	1404	théka			straight
449	Yolmo	HEAR	1408	thé			to hear
450	Yolmo	GO OUT	1107	thén			to go out
451	Yolmo			thén			to stretch something
452	Yolmo	SHORT	1645	théemi			short
453	Yolmo	PLOUGH	1921	thóŋ			plough
454	Yolmo	SEE	1409	thóŋ			to see
455	Yolmo			thóŋ			to be seen
456	Yolmo			thó			to cradle
457	Yolmo	HIGH	1265	thómbo			high, or tall
458	Yolmo	ABOVE	1741	thóla			above
459	Yolmo	TAKE	1749	thóo			to take
460	Yolmo	JOIN	1743	thí			to join
461	Yolmo	KETTLE	854	thíbri			kettle
462	Yolmo			thúkpa			a thick porridge made from rice or ground millet
463	Yolmo			dà			bow and arrow
464	Yolmo			dàkla			raisin
465	Yolmo			dàg			base of a tree, used only for trees
466	Yolmo	MOON	1313	dàgarmu			moon
467	Yolmo	YESTERDAY	1174	dàŋ			yesterday
468	Yolmo			dàŋ tèriŋ			nowadays
469	Yolmo			dàŋ			to have enough of something
470	Yolmo	MANY	1198	dàʒe			many
471	Yolmo			dàpa			parcel
472	Yolmo	CHOOSE	1750	dàm			to choose
473	Yolmo			dàri			carpet
474	Yolmo	HERE	136	dàla			here
475	Yolmo			dàsain mèndo			marigold
476	Yolmo	LICK	319	dàa			to lick
477	Yolmo			dì			this; the third singular pronoun, used for  inanimate objects, animals  and human referents in  narratives that have already  been introduced
478	Yolmo			dìnla			in front of  something
479	Yolmo			dù			the copular used  something is new to the  speaker
480	Yolmo			dùp			incense
481	Yolmo			dènɖa			to do something in this way
482	Yolmo			dèlegi			from there
483	Yolmo	COUNTRY	1300	dèʃ			country
484	Yolmo	COIN	1867	dèk			coin
485	Yolmo	TOUCH	1892	dèe			to touch
486	Yolmo			nà			to be sore or ill
487	Yolmo	BLACK	163	nàkpu			black
488	Yolmo	DAY AFTER TOMORROW	1179	nàŋ dìna			the day after tomorrow
489	Yolmo	BEGGAR	1934	náŋgandi			beggar
490	Yolmo			náŋ			to ask for something, polite form
491	Yolmo	TOMORROW	1329	nàŋbar			tomorrow
492	Yolmo			náŋma			Buddhist
493	Yolmo			nàŋma			the inner layer of a basket
494	Yolmo			nàŋla			inside; among
495	Yolmo			nàdi			ill or sick
496	Yolmo	SHOP	746	dógan			shop
497	Yolmo			dòp			bushland
498	Yolmo	NASAL MUCUS (SNOT)	208	nápʃal			snot, or  nasal mucus
499	Yolmo	RAIN (RAINING)	1253	nám kyàp			rain
500	Yolmo	WHEN	1238	nàm			when
501	Yolmo	THUNDER	1150	nám thá			thunder, lightening
502	Yolmo	EARLY	672	nàm súmu			early
503	Yolmo	EAR	1247	námdzo			ear
504	Yolmo	DIRTY	1230	námda			dirty
505	Yolmo			námli			headstrap
506	Yolmo	NOSE	1221	náasum			nose
507	Yolmo			náaso			a gift
508	Yolmo			ní			adds politeness to the utterance
509	Yolmo	OLD	1229	níŋba			old
510	Yolmo			nímaba			a large, sour citrus
511	Yolmo			núŋtʃa			an idea
512	Yolmo	OIL (ORGANIC SUBSTANCE)	1484	núm			oil
513	Yolmo			nùrpu			diamond
514	Yolmo			nùrma			a type of alcoholic drink
515	Yolmo			néki			a smaller cooking pot, often made of bronze
516	Yolmo	SING	1261	nèn			to sing
517	Yolmo			nèpa			sick person; sore
518	Yolmo	OAT	60	née			oats
519	Yolmo			née kór			pilgrimage
520	Yolmo	THINK	2271	née			to think
521	Yolmo	PAINFUL	1129	néendi			hurt
522	Yolmo			néesa			a resting place near a road
523	Yolmo	SPOIL (SOMEBODY OR SOMETHING)	92	nòŋ			to spoil
524	Yolmo	SHARP	1396	nómbo			sharp
525	Yolmo	YOUNGER SISTER	1761	nòmo			younger sister
526	Yolmo			nòrgunma			the Hindu goddess Laxmi, as  worshiped by some Yolmo  people
527	Yolmo	YOUNGER BROTHER	1760	nòo			younger brother
528	Yolmo	BAMBOO	1927	páʈap			bamboo, large
529	Yolmo	SIDE	682	páʈi			side
530	Yolmo	COW	1007	pàlaŋ			cow
531	Yolmo			pàk			dumpling
532	Yolmo	MOTORCYCLE	638	pàkpa			motorbike
533	Yolmo			pàkpe tsámba			wheat flour
534	Yolmo			pàka			married
535	Yolmo			páŋdza			grassy field
536	Yolmo	WET	1726	pàŋpaŋba			wet
537	Yolmo			pádi kàŋ			one  thousand
538	Yolmo			pádi tʃú			ten  thousand
539	Yolmo			pánbu			the rim of a  basket
540	Yolmo	DRAGONFLY	2352	pánima bù			 dragonfly
541	Yolmo	BARK	1204	pába			tree bark
542	Yolmo	BETWEEN	689	pàrkila			between
543	Yolmo			pár			to light a candle
544	Yolmo	ROOF	769	páli			roof
545	Yolmo	FROG	503	pàlba			frog
546	Yolmo	SPINACH	975	páluŋ tséma			spinach
547	Yolmo			pásagi tséma			mustard greens
548	Yolmo	HOLD	1448	pàa			to hold
549	Yolmo	WEDDING	1259	pàama			wedding
550	Yolmo			páalo			a turn
551	Yolmo			pí			to take off
552	Yolmo			pìtʃa			or ; again
553	Yolmo			pìʒa			baby; child
554	Yolmo	BIRD	937	píʈuli			bird
555	Yolmo	PORCUPINE	2510	pìtiri			porcupine
556	Yolmo	STOOL	2058	pírka			stool
557	Yolmo			pírma			semolina
558	Yolmo	STRAW	2299	páral			straw
559	Yolmo			pìru			coral, or a necklace made of coral
560	Yolmo	SMALL	1246	pìru			small
561	Yolmo	SON	1620	pù			son
562	Yolmo			pùŋga			mustard
563	Yolmo			pùzi			a wooden tumbler  with lid specifically for raksi
564	Yolmo			póŋ			jar
565	Yolmo			pòtsi			gills
566	Yolmo			pótrika			magazine
567	Yolmo	DAUGHTER	1357	pòmo			daughter
568	Yolmo			pòrtsa			bamboo matting
569	Yolmo	LEAVE	1752	pòr			leave
570	Yolmo			póldum			pants
571	Yolmo			póla			rice husks, chaff
572	Yolmo	NEAR	1942	pòla			near
573	Yolmo			pùmba			a metal jug  with a thin spout
574	Yolmo	DO	813	pè			to do
575	Yolmo			pé bùr			censer
576	Yolmo	WOMAN	962	pèmpiʒa			woman
577	Yolmo			pèe			Tibet, more specifically, Lhasa
578	Yolmo	WIFE	1199	pèemi			wife
579	Yolmo			pò			to come out
580	Yolmo			pyáŋ			to hang  something
581	Yolmo			pyàk			parcel
582	Yolmo			pràŋ			molasses, or any  sweet sticky substance from  trees; honey
583	Yolmo	CHEST	1592	pràŋbu			chest
584	Yolmo			pràŋdʒa			a hug
585	Yolmo	FLY (MOVE THROUGH AIR)	1441	pràŋmaŋ			fly
586	Yolmo	WRITE	1672	prù			to write
587	Yolmo	SNAKE	730	prùl			snake
588	Yolmo	PIG	1337	phá			pig
589	Yolmo			pháŋ			to hold in one's arms
590	Yolmo			pháŋba			crossed arms or lap
591	Yolmo			pháp			yeast for brewing
592	Yolmo			prèka			a stick
593	Yolmo			préken			a larger monkey, with a white face
594	Yolmo	TASTE (SOMETHING)	21	prèe tà			to taste
595	Yolmo			prò			to fall out
596	Yolmo			phártshúr			this way  and that way
597	Yolmo	PUMPKIN	864	phársi			pumpkin
598	Yolmo	WOLF	522	phára			wolf
599	Yolmo			phálgi			beaten rice
600	Yolmo	FRUIT	1507	phálphul			fruit
601	Yolmo			pháp			to come  down ; fall
602	Yolmo	BAT	1793	phábaŋ			bat
603	Yolmo	BUTTERFLY	1791	phár			butterfly
604	Yolmo			phíma			the outer basket  in a double layered basket
605	Yolmo	JUMP	1829	phír			to jump
606	Yolmo			phíla			outside ; there
607	Yolmo	BLOW (WITH MOUTH)	176	phú			to blow
608	Yolmo			phúmba			a large clay jug
609	Yolmo	COME	1446	phép			to come,  honorific
610	Yolmo	BELLY	1251	phò			belly
611	Yolmo			phóo			to feel; to be  hit by an object
612	Yolmo	HALF	816	phé			half
613	Yolmo	SOAP	788	phóoʃop			soap
614	Yolmo			phyá			to wipe something
615	Yolmo	BROOM	245	phyáma			broom
616	Yolmo			phró			to snatch
617	Yolmo			bàamen			Brahmin
618	Yolmo	WEDDING	1259	bìha			wedding
619	Yolmo	WALL (OF HOUSE)	933	bìta			wall
620	Yolmo			bù			insect; worm
621	Yolmo	CATERPILLAR	2247	bù sìkpa			caterpillar
622	Yolmo			bùdi			a seed or bean
623	Yolmo			bùbro			coals
624	Yolmo	AUBERGINE	1146	bènda			eggplant
625	Yolmo	GARDEN	586	bàri			garden
626	Yolmo			bàrbari mèndo			mint
627	Yolmo			bàr tòŋbo			a banyan tree
628	Yolmo			bèlala			at the time, not commonly used
629	Yolmo	VERY	1311	bèsari			very
630	Yolmo	DULL	1397	bòkto			dull, of knives, and tools
631	Yolmo			bòɖa			kidney beans
632	Yolmo	RICE	926	brèe			uncooked rice
633	Yolmo			mànɖi			a blanket
634	Yolmo	LOVE	923	màya			love
635	Yolmo	MAIZE	506	màgi			corn
636	Yolmo			màŋbu			many or much; very
637	Yolmo			máŋra			facial hair
638	Yolmo	CENTER	491	máʒa			centre, used  for town name
639	Yolmo			mádi			comparison
640	Yolmo			n			two  hundred
641	Yolmo	IF	1459	máni			if
642	Yolmo			màni			ritual prayer
643	Yolmo			màr			butter; ghee
644	Yolmo	DOWN	1326	màr			down
645	Yolmo	NUT	191	mártsi			chilli
646	Yolmo	RED	156	màrmu			red
647	Yolmo	CARROT	3085	màrmu làbu			carrot
648	Yolmo	PERSON	683	mì			person
649	Yolmo	EYEBROW	1173	mítsa			eyebrow
650	Yolmo	NAME	1405	mìn			name
651	Yolmo	TICK	1527	míli ʃíi			tick
652	Yolmo			míliŋ tséma			bamboo shoots
653	Yolmo			mílim			smaller bamboo, often used in basket weaving
654	Yolmo			mílam			a dream
655	Yolmo	EYE	1248	míi			eye
656	Yolmo			míikʃél			reading glasses
657	Yolmo			míima			a smaller bamboo treated and split into  thinner strips for basket  weaving
658	Yolmo			múkpa			cloud ; fog
659	Yolmo	FOREHEAD	123	múrtsa			forehead
660	Yolmo	RUB	1449	múr			to rub
661	Yolmo	CHEW	321	mùr			chew
662	Yolmo	SPRINGTIME	1537	mùl			spring
663	Yolmo	FIRE	221	mè			fire
664	Yolmo			mè			the negative form of yè, the existential copula
665	Yolmo			mèke			the negative form of yèke, the past tense  form of the existential copula
666	Yolmo			mèʈo			the negative  form of yèʈo, the uncertain  existential copula
667	Yolmo	MEDICINE	1372	mén			medicine
668	Yolmo	BOWL	1530	mèndʒa			bowl
669	Yolmo			mènda			numeral classifier, used only for people
670	Yolmo	FLOWER	239	mèndo			flower
671	Yolmo			ména			cumin
672	Yolmo			mèeme			a group of females; group; family;  people
673	Yolmo			mài			a female  buffalo
674	Yolmo	BUFFALO	934	mài rágo			buffalo
675	Yolmo	BAD	1292	màiba			bad
676	Yolmo			mòomo			a small  dumpling
677	Yolmo	FEMALE	1551	mò			third person  singular, female
678	Yolmo	SHY	487	ŋòtʃha			shy
679	Yolmo	SOCK	1522	mòdza			sock
680	Yolmo			yíp			to hide something and trick someone
681	Yolmo	GRANDMOTHER	1496	yíbi			grandmother
682	Yolmo	TURN	1588	yìr			to turn
683	Yolmo	COURTYARD	4	yíldo			courtyard
684	Yolmo			yùŋga			saffron; turmeric
685	Yolmo	SHAKE	1909	yúŋ			to shake
686	Yolmo			yù			to stroll
687	Yolmo			yùr			to turn soil
688	Yolmo	VILLAGE	930	yùl			village
689	Yolmo	YAK	2477	yák			yak
690	Yolmo			yáŋdi			something that is light of weight
691	Yolmo			yàmbi			moment
692	Yolmo			yàrla			above something
693	Yolmo			yálo tséema			a leafy green vegetable
694	Yolmo	GOOD	1035	yàabu			good
695	Yolmo	LETTER	1612	yìgi			letter
696	Yolmo	ALL	98	yìndze mìndze			everything
697	Yolmo			yìndzo			from there
698	Yolmo	GO	695	yùu			to go, walking
699	Yolmo			yè			the existential  copula
700	Yolmo			yèke			the past tense  form of the existential copula
701	Yolmo			yèʈo			the existential  copula for uncertainty
702	Yolmo			yèndʒap phúl			 seven small metal bowls filled with water placed on an alter  as an offering to the gods
703	Yolmo	GOAT	1502	rà			goat
704	Yolmo	FIGHT	1423	rà			fight
705	Yolmo	AND	1577	ráŋ			and
706	Yolmo			ràŋ			self; own
707	Yolmo			ràŋsa			other; different
708	Yolmo	LOOM	1787	ràʈa			loom
709	Yolmo			ràpalaŋ			mulberry
710	Yolmo	NOODLE	973	rára			noodles
711	Yolmo	LIKE	1117	ràra			like
712	Yolmo			rál			to tear something
713	Yolmo			ràlràlba			moment
714	Yolmo			yée			an exclamation of  mild surprise
715	Yolmo	COOK (SOMETHING)	1100	yò			to cook
716	Yolmo			yóndo			a stick with a cloth covered head used to  push grain into the thresher
717	Yolmo	RIGHT	1019	yóba			right
718	Yolmo	LEFT	244	yóma			left
719	Yolmo	FOREST	420	rì			forest
720	Yolmo	YAM	410	rì hée			yam
721	Yolmo	LONG	1203	rìŋbu			long
722	Yolmo	ANIMAL	619	rìda			animal
723	Yolmo			rìmbur tʃhé			a reincarnate lama
724	Yolmo			ríl			to cause to fall
725	Yolmo			rìl			to fall over or lay down, usually inanimate objects
726	Yolmo	GATHER	7	rùp			to gather
727	Yolmo			rùl			to rot
728	Yolmo	ROTTEN	1728	rùlrulba			rotten
729	Yolmo			rùsusus			driftingly, Tf
730	Yolmo	MOUNTAIN	639	là			mountain
731	Yolmo	HAND	1277	làkpa			hand
732	Yolmo	PALM TREE	1181	náŋ			palm
733	Yolmo			réndza			soybeans
734	Yolmo			rèeree			one each
735	Yolmo			láŋ			to pick  something up
736	Yolmo			làŋ			to stand; to  rise
737	Yolmo	LEAF	628	làpti			leaf
738	Yolmo			làp			to say  something
739	Yolmo			làpna			conditional  marker
740	Yolmo	CHEESE	1569	làba			cheese
741	Yolmo	RADISH	2365	làbu			radish
742	Yolmo	ROAD	667	làm			road
743	Yolmo			láma			Lama, a Buddhist priest
744	Yolmo			lála			someone or something
745	Yolmo	CUCUMBER	496	lásii			cucumber
746	Yolmo	ARRIVE	1387	lép			to arrive
747	Yolmo	FLAT	1633	lépʈa			flat
748	Yolmo	BRAIN	1583	lépa			brain
749	Yolmo			lée			convincing
750	Yolmo			ló			reported speech particle, used to mark what has been said
751	Yolmo	YEAR	1226	lò			year
752	Yolmo	COME BACK	581	lò			to return
753	Yolmo			lòŋ			to break even, come out even
754	Yolmo	COUGH	879	lópkyal			cough
755	Yolmo	LEARN	504	lóp			to learn
756	Yolmo	SHEEP	1331	lù			sheep
757	Yolmo			lúŋdar			prayer flags
758	Yolmo	SPINE	805	lùŋso			spine
759	Yolmo			lú			to put into
760	Yolmo			lùndi			jackal
761	Yolmo	WORK (LABOUR)	984	lè			work
762	Yolmo			lékam			sandals
763	Yolmo	TAKE	1749	lèn			to take
764	Yolmo			lóma			a winnowing tray
765	Yolmo	LEAF	628	lòma			leaf
766	Yolmo	GOD	1944	lhá			god
767	Yolmo	WIND	960	lhába			wind
768	Yolmo			lháma			stale
769	Yolmo			lhámu			goddess
770	Yolmo	SOUTH	1595	lhó			south
771	Yolmo			sá			ground ; floor; earth
772	Yolmo	EAT	1336	sà			to eat
773	Yolmo	SUNDAY	1699	sà ɲáma			Sunday
774	Yolmo			sàŋ dìk			a large copper cooking pot
775	Yolmo			sàŋgi bàgari			a large brass pot used for  storing water and food items  such as rice
776	Yolmo			ságar			whitewash
777	Yolmo	NEXT YEAR	515	sáŋbi			next year
778	Yolmo	SATURDAY	1700	sà pémba			Saturday
779	Yolmo	TUESDAY	1695	sà mìŋmar			Tuesday
780	Yolmo	WEDNESDAY	1694	sà lhákpa			Wednesday
781	Yolmo	CLEAN	704	sáŋma			clean
782	Yolmo	KEY	1472	sádzo			key
783	Yolmo	WEEK	1469	sáta			week
784	Yolmo			sàndan			human offspring
785	Yolmo	NEW	1231	sámba			new
786	Yolmo	BRIDGE	1011	sàmba			bridge
787	Yolmo			sàru			a type of bird
788	Yolmo			sàl			to converse
789	Yolmo	CLEAN (SOMETHING)	2235	sál			to clean
790	Yolmo	FOOD	256	sàse			food
791	Yolmo	BURN	2102	sáa			to burn
792	Yolmo			sì			a necklace made of coral worn by men
793	Yolmo			sìnda			hectic
794	Yolmo			sìn			to complete ; finish
795	Yolmo			síniŋ			two years ago
796	Yolmo	SLEEP	1585	sìm			to sleep, honorific form
797	Yolmo			síiɖi			red clay used to  make floors and coat walls
798	Yolmo			sù			a sore
799	Yolmo	AMULET	2804	súŋa			amulet
800	Yolmo	THREE	492	súm			three
801	Yolmo	THIRD	1859	súmba			third
802	Yolmo			súr			to put into something close fitting
803	Yolmo	NEAR	1942	sùrla			near
804	Yolmo	EMBERS	67	sùla			embers
805	Yolmo			sùli			a stack of corn, elevated and left to dry
806	Yolmo	KILL	1417	sé			to kill
807	Yolmo			sè			a thing
808	Yolmo	KILL	1417	séter			to kill
809	Yolmo	SEED	714	sén			seed
810	Yolmo			sébi			two years ahead
811	Yolmo	NAIL (TOOL)	502	sému			nail
812	Yolmo	GOLD	1369	sér			gold
813	Yolmo			sérki			golden
814	Yolmo	RING	1374	sértop			ring
815	Yolmo	HAIL	609	séra			hail
816	Yolmo			sèe			prepare to receive
817	Yolmo	MIX	2017	sée			mix
818	Yolmo	ANIMAL	619	sémdzen			animal
819	Yolmo			ʃáŋ			to churn  buttermilk
820	Yolmo	MEAT	634	ʃá			meat
821	Yolmo	PIG FAT	2557	ʃà			grease
822	Yolmo	GREASY	955	ʃàk			greasy
823	Yolmo	FOOT	1301	ʃápʈa			foot, honorific
824	Yolmo			ʃáma			afterbirth
825	Yolmo			só			to raise
826	Yolmo			sòtor			fern
827	Yolmo			sòmba			traditional long boots made of cloth and  leather, still worn for special  occasions
828	Yolmo	BE ALIVE	1422	sómbo			alive
829	Yolmo	NIT	267	sóma			louse egg
830	Yolmo			sòra			a sickle
831	Yolmo	SHINE	708	ʃár			to shine, as the  sun
832	Yolmo	YOUNG	1207	ʃára			young
833	Yolmo	GO OUT	1107	ʃál			to exit
834	Yolmo	FRUIT	1507	ʃíŋɖo			fruit
835	Yolmo	DIE	1494	ʃí			to die
836	Yolmo	SIT	1416	ʃù			to sit, honorific
837	Yolmo			ʃùkpa			incense
838	Yolmo	ENTER	749	ʃùu			to enter
839	Yolmo	EAT	1336	ʃè			to eat, honorific
840	Yolmo			ʃé kyàŋ			to stretch one's limbs
841	Yolmo	EAST	1877	ʃér			east
842	Yolmo	KNOW (SOMETHING)	1410	ʃée			to know
843	Yolmo			ʃò			curd
844	Yolmo			ʃò			to brush
845	Yolmo			ʃó			the imperative  of 'come'
846	Yolmo			ʃókpa			feather; wing
847	Yolmo			ʃór			to get out
848	Yolmo			ʃáa			to split by cutting or sawing
849	Yolmo	SKIRT	1600	ʃàama			skirt
850	Yolmo	FOUR	1500	ʃì			four
851	Yolmo			ʃí khú			smaller white lice
852	Yolmo	HUNT	1435	ʃíkar tsá			to hunt
853	Yolmo	FARM	201	ʃìŋ			farm
854	Yolmo	ANGER	82	ʃìtaŋ			anger
855	Yolmo			ʃìba			fourth
856	Yolmo	BEAN	832	ʃími			beans
857	Yolmo	TASTY	1813	ʃìmbu			tasty
858	Yolmo	LOUSE	1392	ʃí			louse
859	Yolmo	DEAD	1625	ʃíba			dead
860	Yolmo			ʃíka			a rupee
861	Yolmo			ʃígu			a newspaper or magazine; paper
862	Yolmo	WOOD	1803	ʃíŋ			wood
863	Yolmo	CHESTNUT TREE	1009	ʃíŋgar			chestnut tree
864	Yolmo	DUCK	1360	ʃóo			duck
865	Yolmo			yìmba			copula verb
866	Yolmo			húŋgar			horse radish
867	Yolmo	POTATO	593	hée			potato
868	Yolmo			òm			to convince, to  woo
869	Yolmo			òma			milk; breast
870	Yolmo			òrta			a fence
871	Yolmo			òraŋ			first person  plural inclusive
872	Yolmo			hòbrakpa			red  panda
873	Yolmo			ònɖa			that way
